ForeFlight Logbook Import,This row is required for importing into ForeFlight. Do not delete or modify.,,,,,,,,,,,,,,,,,,,,,,,,,,,,,,,,,,,,,,,,,,,,,,,,,,,,,,,,,,,,,,,,,
,,,,,,,,,,,,,,,,,,,,,,,,,,,,,,,,,,,,,,,,,,,,,,,,,,,,,,,,,,,,,,,,,,
Aircraft Table,,,,,,,,,,,,,,,,,,,,,,,,,,,,,,,,,,,,,,,,,,,,,,,,,,,,,,,,,,,,,,,,,,
AircraftID,TypeCode,Year,Make,Model,GearType,EngineType,equipType (FAA),aircraftClass (FAA),complexAircraft (FAA),taa (FAA),highPerformance (FAA),pressurized (FAA),,,,,,,,,,,,,,,,,,,,,,,,,,,,,,,,,,,,,,,,,,,,,,,,,,,,,,
N912LM,C152,1979,Cessna,152,fixed_tricycle,Piston,,,,,,,,,,,,,,,,,,,,,,,,,,,,,,,,,,,,,,,,,,,,,,,,,,,,,,
N234AB,C172,2004,Cessna,172S Skyhawk,fixed_tricycle,Piston,,,,,,,,,,,,,,,,,,,,,,,,,,,,,,,,,,,,,,,,,,,,,,,,,,,,,,
N567CD,C182,2006,Cessna,182T Skylane,fixed_tricycle,Piston,,,,,,,,,,,,,,,,,,,,,,,,,,,,,,,,,,,,,,,,,,,,,,,,,,,,,,
N891EF,PA28,2001,Piper,PA-28-181 Archer,fixed_tricycle,Piston,,,,,,,,,,,,,,,,,,,,,,,,,,,,,,,,,,,,,,,,,,,,,,,,,,,,,,
N345GH,C210,1980,Cessna,210 Centurion,retractable_tricycle,Piston,,,Yes,,Yes,,,,,,,,,,,,,,,,,,,,,,,,,,,,,,,,,,,,,,,,,,,,,,,,,,,,,
N678JK,BE36,1998,Beechcraft,Bonanza A36,retractable_tricycle,Piston,,,Yes,,Yes,,,,,,,,,,,,,,,,,,,,,,,,,,,,,,,,,,,,,,,,,,,,,,,,,,,,,
,,,,,,,,,,,,,,,,,,,,,,,,,,,,,,,,,,,,,,,,,,,,,,,,,,,,,,,,,,,,,,,,,,
Flights Table , , , , , , , , , , , , , , , , , , , , , , , , , , , , , , , , , , , , , , , , , , , , , , , , , , , , , , , , , , , , , ,Deprecated: Do not edit manually,Deprecated: Do not edit manually,Deprecated: Do not edit manually,Deprecated: Do not edit manually,Deprecated: Do not edit manually
Date,AircraftID,From,To,Route,TimeOut,TimeOff,TimeOn,TimeIn,OnDuty,OffDuty,TotalTime,PIC,SIC,Night,Solo,CrossCountry,PICUS,MultiPilot,IFR,Examiner,NVG,NVG Ops,Distance,ActualInstrument,SimulatedInstrument,HobbsStart,HobbsEnd,TachStart,TachEnd,Holds,Approach1,Approach2,Approach3,Approach4,Approach5,Approach6,DualGiven,DualReceived,SimulatedFlight,GroundTraining,GroundTrainingGiven,InstructorName,InstructorComments,Person1,Person2,Person3,Person4,Person5,Person6,PilotComments,Flight Review (FAA),IPC (FAA),Checkride (FAA),FAA 61.58 (FAA),NVG Proficiency (FAA),Takeoff Day,Takeoff Night,Landing Full-Stop Day,Landing Touch-and-Go Day,Landing Full-Stop Night,Landing Touch-and-Go Day Towered,DayTakeoffs,DayLandingsFullStop,NightTakeoffs,NightLandingsFullStop,AllLandings
2024-12-07,N567CD,KBOI,KTWF,,,,,,,,1.3,1.3,0.0,0.0,0.0,1.3,0.0,0.0,0.0,0.0,0.0,0.0,,0.0,0.0,,,,,0,,,,,,,0.0,0.0,0.0,0.0,0.0,,,,,,,,,Short winter XC staying current,,,,,,1,0,1,0,0,0,1,1,0,0,1
2024-11-30,N234AB,KBOI,KBOI,,,,,,,,1.0,1.0,0.0,0.0,0.0,0.0,0.0,0.0,0.0,0.0,0.0,0.0,,0.0,0.0,,,,,0,,,,,,,0.0,0.0,0.0,0.0,0.0,,,,,,,,,,,,,,,4,0,4,0,0,0,4,4,0,0,4
2024-11-15,N678JK,KBOI,KLAS,BOI TWF MLF LAS,,,,,,,3.8,3.8,0.0,0.0,0.0,3.8,0.0,0.0,0.0,0.0,0.0,0.0,,0.0,0.0,,,,,0,,,,,,,0.0,0.0,0.0,0.0,0.0,,,,,,,,,Long XC to Vegas for the weekend,,,,,,1,0,1,0,0,0,1,1,0,0,1
2024-11-02,N567CD,KBOI,KSLC,BOI TWF OGD SLC,,,,,,,3.2,3.2,0.0,0.0,0.0,3.2,0.0,0.0,1.1,0.0,0.0,0.0,,0.8,0.3,,,,,1,1;ILS RWY 34R;34R;KSLC;,1;RNAV (GPS) RWY 35;35;KOGD;,,,,,0.0,0.0,0.0,0.0,0.0,,,,,,,,,IFR flight to Salt Lake filed at 11000,,,,,,1,0,1,0,0,0,1,1,0,0,1
2024-10-26,N234AB,KBOI,KBOI,,,,,,,,1.0,1.0,0.0,0.0,0.0,0.0,0.0,0.0,0.0,0.0,0.0,0.0,,0.0,0.0,,,,,0,,,,,,,0.0,0.0,0.0,0.0,0.0,,,,,,,,,Pattern work focusing on stabilized approaches,,,,,,4,0,4,0,0,0,4,4,0,0,4
2024-10-19,N345GH,KBOI,KRDM,BOI RDM,,,,,,,2.3,2.3,0.0,0.0,0.0,2.3,0.0,0.0,0.0,0.0,0.0,0.0,,0.0,0.0,,,,,0,,,,,,,0.0,0.0,0.0,0.0,0.0,,,,,,,,,Scenic flight to Redmond over the Cascades,,,,,,1,0,1,0,0,0,1,1,0,0,1
2024-10-12,N567CD,KBOI,KSUN,BOI TWF SUN,,,,,,,1.8,1.8,0.0,0.0,0.0,1.8,0.0,0.0,0.0,0.0,0.0,0.0,,0.0,0.0,,,,,0,,,,,,,0.0,0.0,0.0,0.0,0.0,,,,,,,,,Density altitude challenging at Sun Valley,,,,,,1,0,1,0,0,0,1,1,0,0,1
2024-10-05,N567CD,KBOI,KMSO,BOI MSO,,,,,,,2.6,2.6,0.0,0.0,0.0,2.6,0.0,0.0,0.0,0.0,0.0,0.0,,0.0,0.0,,,,,0,,,,,,,0.0,0.0,0.0,0.0,0.0,,,,,,,,,Fall colors along the Bitterroot Valley,,,,,,1,0,1,0,0,0,1,1,0,0,1
2024-09-28,N234AB,KBOI,KTWF,,,,,,,,1.4,1.4,0.0,0.0,0.0,1.4,0.0,0.0,0.0,0.0,0.0,0.0,,0.0,0.0,,,,,0,,,,,,,0.0,0.0,0.0,0.0,0.0,,,,,,,,,Quick hop to Twin Falls for lunch,,,,,,1,0,1,0,0,0,1,1,0,0,1
2024-09-21,N678JK,KBOI,KBZN,BOI BZN,,,,,,,2.8,2.8,0.0,0.0,0.0,2.8,0.0,0.0,1.0,0.0,0.0,0.0,,0.7,0.3,,,,,0,1;ILS OR LOC RWY 10R;10R;KBOI;,,,,,,0.0,0.0,0.0,0.0,0.0,,,,,,,,,IFR to Bozeman filed through the mountains,,,,,,1,0,1,0,0,0,1,1,0,0,1
2024-09-14,N567CD,KBOI,KMYL,BOI DNJ MYL,,,,,,,1.5,1.5,0.0,0.0,0.0,1.5,0.0,0.0,0.0,0.0,0.0,0.0,,0.0,0.0,,,,,0,,,,,,,0.0,0.0,0.0,0.0,0.0,,,,,,,,,Beautiful day to McCall gorgeous approach,,,,,,1,0,1,0,0,0,1,1,0,0,1
2024-09-07,N345GH,KBOI,KSEA,BOI LKT SEA,,,,,,,3.5,3.5,0.0,0.0,0.0,3.5,0.0,0.0,0.0,0.0,0.0,0.0,,0.0,0.0,,,,,0,,,,,,,0.0,0.0,0.0,0.0,0.0,,,,,,,,,Flew to Seattle for a Seahawks game,,,,,,1,0,1,0,0,0,1,1,0,0,1
2024-09-01,N891EF,KBOI,KSUN,BOI TWF SUN,,,,,,,1.7,1.7,0.0,0.0,0.0,1.7,0.0,0.0,0.0,0.0,0.0,0.0,,0.0,0.0,,,,,0,,,,,,,0.0,0.0,0.0,0.0,0.0,,,,,,,,,Labor day trip to Sun Valley,,,,,,1,0,1,0,0,0,1,1,0,0,1
2024-08-31,N234AB,KBOI,KBOI,,,,,,,,0.9,0.9,0.0,0.0,0.0,0.0,0.0,0.0,0.0,0.0,0.0,0.0,,0.0,0.0,,,,,0,,,,,,,0.0,0.0,0.0,0.0,0.0,,,,,,,,,,,,,,,3,0,3,0,0,0,3,3,0,0,3
2024-08-24,N567CD,KBOI,KTRK,BOI RNO TRK,,,,,,,3.4,3.4,0.0,0.0,0.0,3.4,0.0,0.0,0.0,0.0,0.0,0.0,,0.0,0.0,,,,,0,,,,,,,0.0,0.0,0.0,0.0,0.0,,,,,,,,,Flew to Truckee for mountain biking weekend,,,,,,1,0,1,0,0,0,1,1,0,0,1
2024-08-17,N891EF,KBOI,KGNG,,,,,,,,1.2,1.2,0.0,0.0,0.0,1.2,0.0,0.0,0.0,0.0,0.0,0.0,,0.0,0.0,,,,,0,,,,,,,0.0,0.0,0.0,0.0,0.0,,,,,,,,,Short flight to Gooding smooth air,,,,,,1,0,1,0,0,0,1,1,0,0,1
2024-08-10,N567CD,KBOI,KSMF,BOI RNO SMF,,,,,,,3.6,3.6,0.0,0.0,0.0,3.6,0.0,0.0,1.4,0.0,0.0,0.0,,1.0,0.4,,,,,1,1;RNAV (GPS) RWY 10R;10R;KBOI;,1;ILS RWY 34R;34R;KSLC;,,,,,0.0,0.0,0.0,0.0,0.0,,,,,,,,,IFR to Sacramento marine layer on arrival,,,,,,1,0,1,0,0,0,1,1,0,0,1
2024-08-03,N234AB,KBOI,S67,,,,,,,,1.6,1.6,0.0,0.0,0.0,1.6,0.0,0.0,0.0,0.0,0.0,0.0,,0.0,0.0,,,,,0,,,,,,,0.0,0.0,0.0,0.0,0.0,,,,,,,,,Backcountry strip short field ops,,,,,,1,0,1,0,0,0,1,1,0,0,1
2024-07-30,N234AB,KBOI,S67,,,,,,,,1.5,1.5,0.0,0.0,0.0,1.5,0.0,0.0,0.0,0.0,0.0,0.0,,0.0,0.0,,,,,0,,,,,,,0.0,0.0,0.0,0.0,0.0,,,,,,,,,Backcountry flying summer conditions perfect,,,,,,1,0,1,0,0,0,1,1,0,0,1
2024-07-27,N345GH,KBOI,KPDX,BOI ONP PDX,,,,,,,3.3,3.3,0.0,0.0,0.0,3.3,0.0,0.0,0.0,0.0,0.0,0.0,,0.0,0.0,,,,,0,,,,,,,0.0,0.0,0.0,0.0,0.0,,,,,,,,,Great CAVU day Portland for dinner,,,,,,1,0,1,0,0,0,1,1,0,0,1
2024-07-20,N567CD,KBOI,KBOI,,,,,,,,1.1,1.1,0.0,1.1,0.0,0.0,0.0,0.0,0.0,0.0,0.0,0.0,,0.0,0.0,,,,,0,,,,,,,0.0,0.0,0.0,0.0,0.0,,,,,,,,,Night currency calm winds,,,,,,0,4,0,0,4,0,0,0,4,4,4
2024-07-13,N891EF,KBOI,KTWF,,,,,,,,1.3,1.3,0.0,0.0,0.0,1.3,0.0,0.0,0.0,0.0,0.0,0.0,,0.0,0.0,,,,,0,,,,,,,0.0,0.0,0.0,0.0,0.0,,,,,,,,,Bumpy afternoon thermals over the desert,,,,,,1,0,1,0,0,0,1,1,0,0,1
2024-07-06,N567CD,KBOI,KRNO,BOI WMC RNO,,,,,,,2.9,2.9,0.0,0.0,0.0,2.9,0.0,0.0,0.0,0.0,0.0,0.0,,0.0,0.0,,,,,0,,,,,,,0.0,0.0,0.0,0.0,0.0,,,,,,,,,Headwinds both ways somehow,,,,,,1,0,1,0,0,0,1,1,0,0,1
2024-06-29,N234AB,KBOI,KMYL,BOI DNJ MYL,,,,,,,1.4,1.4,0.0,0.0,0.0,1.4,0.0,0.0,0.0,0.0,0.0,0.0,,0.0,0.0,,,,,0,,,,,,,0.0,0.0,0.0,0.0,0.0,,,,,,,,,Passenger flight showed friends the mountains,,,,,,1,0,1,0,0,0,1,1,0,0,1
2024-06-22,N678JK,KBOI,KGTF,BOI HLN GTF,,,,,,,3.1,3.1,0.0,0.0,0.0,3.1,0.0,0.0,0.0,0.0,0.0,0.0,,0.0,0.0,,,,,0,,,,,,,0.0,0.0,0.0,0.0,0.0,,,,,,,,,XC to Great Falls in the Bonanza what a machine,,,,,,1,0,1,0,0,0,1,1,0,0,1
2024-06-15,N567CD,KBOI,KSUN,BOI TWF SUN,,,,,,,1.7,1.7,0.0,0.0,0.0,1.7,0.0,0.0,0.0,0.0,0.0,0.0,,0.0,0.0,,,,,0,,,,,,,0.0,0.0,0.0,0.0,0.0,,,,,,,,,Scenic flight over Sawtooth range,,,,,,1,0,1,0,0,0,1,1,0,0,1
2024-06-08,N345GH,KBOI,KBIL,BOI BZN BIL,,,,,,,3.7,3.7,0.0,0.0,0.0,3.7,0.0,0.0,1.2,0.0,0.0,0.0,,0.9,0.3,,,,,0,1;ILS OR LOC RWY 10R;10R;KBOI;,1;RNAV (GPS) RWY 28L;28L;KBOI;,,,,,0.0,0.0,0.0,0.0,0.0,,,,,,,,,IFR to Billings broke out at 800ft AGL,,,,,,1,0,1,0,0,0,1,1,0,0,1
2024-06-04,N891EF,KBOI,KTWF,,,,,,,,1.3,1.3,0.0,0.0,0.0,1.3,0.0,0.0,0.0,0.0,0.0,0.0,,0.0,0.0,,,,,0,,,,,,,0.0,0.0,0.0,0.0,0.0,,,,,,,,,Quick trip south smooth air,,,,,,1,0,1,0,0,0,1,1,0,0,1
2024-06-01,N234AB,KBOI,U70,,,,,,,,1.1,1.1,0.0,0.0,0.0,1.1,0.0,0.0,0.0,0.0,0.0,0.0,,0.0,0.0,,,,,0,,,,,,,0.0,0.0,0.0,0.0,0.0,,,,,,,,,Flew with flying club friend to Cascade,,,,,,1,0,1,0,0,0,1,1,0,0,1
2024-05-25,N567CD,KBOI,KYKM,BOI YKM,,,,,,,2.4,2.4,0.0,0.0,0.0,2.4,0.0,0.0,0.0,0.0,0.0,0.0,,0.0,0.0,,,,,0,,,,,,,0.0,0.0,0.0,0.0,0.0,,,,,,,,,,,,,,,1,0,1,0,0,0,1,1,0,0,1
2024-05-18,N891EF,KBOI,KBOI,,,,,,,,1.0,1.0,0.0,0.0,0.0,0.0,0.0,0.0,0.0,0.0,0.0,0.0,,0.0,0.0,,,,,0,,,,,,,0.0,0.0,0.0,0.0,0.0,,,,,,,,,Crosswind practice 12kt gusting 20,,,,,,4,0,4,0,0,0,4,4,0,0,4
2024-05-11,N567CD,KBOI,KLWS,BOI LWS,,,,,,,1.9,1.9,0.0,0.0,0.0,1.9,0.0,0.0,0.0,0.0,0.0,0.0,,0.0,0.0,,,,,0,,,,,,,0.0,0.0,0.0,0.0,0.0,,,,,,,,,Smooth morning air great visibility,,,,,,1,0,1,0,0,0,1,1,0,0,1
2024-05-04,N234AB,KBOI,KTWF,,,,,,,,1.3,1.3,0.0,0.0,0.0,1.3,0.0,0.0,0.0,0.0,0.0,0.0,,0.0,0.0,,,,,0,,,,,,,0.0,0.0,0.0,0.0,0.0,,,,,,,,,,,,,,,1,0,1,0,0,0,1,1,0,0,1
2024-04-27,N345GH,KBOI,KSLC,BOI TWF OGD SLC,,,,,,,3.0,3.0,0.0,0.0,0.0,3.0,0.0,0.0,0.0,0.0,0.0,0.0,,0.0,0.0,,,,,0,,,,,,,0.0,0.0,0.0,0.0,0.0,,,,,,,,,Flew the 210 to SLC turbulence over the mountains,,,,,,1,0,1,0,0,0,1,1,0,0,1
2024-04-20,N567CD,KBOI,KBDN,BOI RDM BDN,,,,,,,2.7,2.7,0.0,0.0,0.0,2.7,0.0,0.0,0.0,0.0,0.0,0.0,,0.0,0.0,,,,,0,,,,,,,0.0,0.0,0.0,0.0,0.0,,,,,,,,,,,,,,,1,0,1,0,0,0,1,1,0,0,1
2024-04-13,N234AB,KBOI,KGNG,,,,,,,,1.1,1.1,0.0,0.0,0.0,1.1,0.0,0.0,0.0,0.0,0.0,0.0,,0.0,0.0,,,,,0,,,,,,,0.0,0.0,0.0,0.0,0.0,,,,,,,,,Maintenance test flight after annual,,,,,,1,0,1,0,0,0,1,1,0,0,1
2024-04-06,N678JK,KBOI,KRNO,BOI WMC RNO,,,,,,,2.8,2.8,0.0,0.0,0.0,2.8,0.0,0.0,1.0,0.0,0.0,0.0,,0.7,0.3,,,,,1,1;RNAV (GPS) RWY 10R;10R;KBOI;,,,,,,0.0,0.0,0.0,0.0,0.0,,,,,,,,,IFR practice filed through smoke,,,,,,1,0,1,0,0,0,1,1,0,0,1
2024-03-30,N567CD,KBOI,KSUN,BOI TWF SUN,,,,,,,1.8,1.8,0.0,0.0,0.0,1.8,0.0,0.0,0.0,0.0,0.0,0.0,,0.0,0.0,,,,,0,,,,,,,0.0,0.0,0.0,0.0,0.0,,,,,,,,,Early spring trip to Sun Valley still snowy,,,,,,1,0,1,0,0,0,1,1,0,0,1
2024-03-23,N234AB,KBOI,KBOI,,,,,,,,1.0,1.0,0.0,0.0,0.0,0.0,0.0,0.0,0.0,0.0,0.0,0.0,,0.0,0.0,,,,,0,,,,,,,0.0,0.0,0.0,0.0,0.0,,,,,,,,,Practiced soft field takeoffs and landings,,,,,,5,0,5,0,0,0,5,5,0,0,5
2024-03-16,N891EF,KBOI,KPUW,BOI LWS PUW,,,,,,,2.2,2.2,0.0,0.0,0.0,2.2,0.0,0.0,0.0,0.0,0.0,0.0,,0.0,0.0,,,,,0,,,,,,,0.0,0.0,0.0,0.0,0.0,,,,,,,,,,,,,,,1,0,1,0,0,0,1,1,0,0,1
2024-03-09,N567CD,KBOI,KPDX,BOI ONP PDX,,,,,,,3.2,3.2,0.0,0.0,0.0,3.2,0.0,0.0,1.1,0.0,0.0,0.0,,0.8,0.3,,,,,0,1;ILS RWY 28R;28R;KPDX;,,,,,,0.0,0.0,0.0,0.0,0.0,,,,,,,,,IFR to Portland low ceilings on arrival,,,,,,1,0,1,0,0,0,1,1,0,0,1
2024-03-02,N234AB,KBOI,KTWF,,,,,,,,1.4,1.4,0.0,0.0,0.0,1.4,0.0,0.0,0.0,0.0,0.0,0.0,,0.0,0.0,,,,,0,,,,,,,0.0,0.0,0.0,0.0,0.0,,,,,,,,,Winter flying preheated the engine,,,,,,1,0,1,0,0,0,1,1,0,0,1
2024-02-24,N567CD,KBOI,KOGD,BOI TWF OGD,,,,,,,2.5,2.5,0.0,0.0,0.0,2.5,0.0,0.0,0.0,0.0,0.0,0.0,,0.0,0.0,,,,,0,,,,,,,0.0,0.0,0.0,0.0,0.0,,,,,,,,,,,,,,,1,0,1,0,0,0,1,1,0,0,1
2024-02-10,N234AB,KBOI,KBOI,,,,,,,,1.0,1.0,0.0,0.0,0.0,0.0,0.0,0.0,0.0,0.0,0.0,0.0,,0.0,0.0,,,,,0,,,,,,,0.0,0.0,0.0,0.0,0.0,,,,,,,,,Ice on the wings during preflight waited for sun,,,,,,4,0,4,0,0,0,4,4,0,0,4
2024-01-27,N345GH,KBOI,KSLC,BOI TWF OGD SLC,,,,,,,3.1,3.1,0.0,0.0,0.0,3.1,0.0,0.0,1.2,0.0,0.0,0.0,,0.9,0.3,,,,,1,1;ILS RWY 34R;34R;KSLC;,,,,,,0.0,0.0,0.0,0.0,0.0,,,,,,,,,IFR to SLC winter weather needed the rating,,,,,,1,0,1,0,0,0,1,1,0,0,1
2024-01-20,N567CD,KBOI,KMYL,BOI DNJ MYL,,,,,,,1.5,1.5,0.0,0.0,0.0,1.5,0.0,0.0,0.0,0.0,0.0,0.0,,0.0,0.0,,,,,0,,,,,,,0.0,0.0,0.0,0.0,0.0,,,,,,,,,,,,,,,1,0,1,0,0,0,1,1,0,0,1
2024-01-13,N234AB,KBOI,KBOI,,,,,,,,1.1,1.1,0.0,1.1,0.0,0.0,0.0,0.0,0.0,0.0,0.0,0.0,,0.0,0.0,,,,,0,,,,,,,0.0,0.0,0.0,0.0,0.0,,,,,,,,,Night currency 3 landings,,,,,,0,3,0,0,3,0,0,0,3,3,3
2024-01-06,N567CD,KBOI,KTWF,,,,,,,,1.3,1.3,0.0,0.0,0.0,1.3,0.0,0.0,0.0,0.0,0.0,0.0,,0.0,0.0,,,,,0,,,,,,,0.0,0.0,0.0,0.0,0.0,,,,,,,,,New year first flight of 2024,,,,,,1,0,1,0,0,0,1,1,0,0,1
2023-12-30,N234AB,KBOI,KBOI,,,,,,,,1.0,1.0,0.0,0.0,0.0,0.0,0.0,0.0,0.0,0.0,0.0,0.0,,0.0,0.0,,,,,0,,,,,,,0.0,0.0,0.0,0.0,0.0,,,,,,,,,End of year flight staying current,,,,,,4,0,4,0,0,0,4,4,0,0,4
2023-12-16,N567CD,KBOI,KTWF,,,,,,,,1.4,1.4,0.0,0.0,0.0,1.4,0.0,0.0,0.0,0.0,0.0,0.0,,0.0,0.0,,,,,0,,,,,,,0.0,0.0,0.0,0.0,0.0,,,,,,,,,,,,,,,1,0,1,0,0,0,1,1,0,0,1
2023-12-02,N234AB,KBOI,KBOI,,,,,,,,1.0,1.0,0.0,0.0,0.0,0.0,0.0,0.0,0.0,0.0,0.0,0.0,,0.0,0.0,,,,,0,,,,,,,0.0,0.0,0.0,0.0,0.0,,,,,,,,,Cold day pattern work staying proficient,,,,,,4,0,4,0,0,0,4,4,0,0,4
2023-11-25,N345GH,KBOI,KPDX,BOI ONP PDX,,,,,,,3.3,3.3,0.0,0.0,0.0,3.3,0.0,0.0,0.0,0.0,0.0,0.0,,0.0,0.0,,,,,0,,,,,,,0.0,0.0,0.0,0.0,0.0,,,,,,,,,Thanksgiving trip to Portland,,,,,,1,0,1,0,0,0,1,1,0,0,1
2023-11-18,N567CD,KBOI,KSUN,BOI TWF SUN,,,,,,,1.7,1.7,0.0,0.0,0.0,1.7,0.0,0.0,0.0,0.0,0.0,0.0,,0.0,0.0,,,,,0,,,,,,,0.0,0.0,0.0,0.0,0.0,,,,,,,,,,,,,,,1,0,1,0,0,0,1,1,0,0,1
2023-11-11,N567CD,KBOI,KBOI,,,,,,,,1.0,1.0,0.0,1.0,0.0,0.0,0.0,0.0,0.0,0.0,0.0,0.0,,0.0,0.0,,,,,0,,,,,,,0.0,0.0,0.0,0.0,0.0,,,,,,,,,Veterans Day night flight over the city,,,,,,0,3,0,0,3,0,0,0,3,3,3
2023-11-04,N234AB,KBOI,KGNG,,,,,,,,1.1,1.1,0.0,0.0,0.0,1.1,0.0,0.0,0.0,0.0,0.0,0.0,,0.0,0.0,,,,,0,,,,,,,0.0,0.0,0.0,0.0,0.0,,,,,,,,,Short hop to Gooding for lunch,,,,,,1,0,1,0,0,0,1,1,0,0,1
2023-10-28,N678JK,KBOI,KBZN,BOI BZN,,,,,,,2.6,2.6,0.0,0.0,0.0,2.6,0.0,0.0,0.0,0.0,0.0,0.0,,0.0,0.0,,,,,0,,,,,,,0.0,0.0,0.0,0.0,0.0,,,,,,,,,First flight in the Bonanza what a machine,,,,,,1,0,1,0,0,0,1,1,0,0,1
2023-10-21,N567CD,KBOI,KSLC,BOI TWF OGD SLC,,,,,,,3.0,3.0,0.0,0.0,0.0,3.0,0.0,0.0,1.0,0.0,0.0,0.0,,0.7,0.3,,,,,0,1;ILS RWY 34R;34R;KSLC;,,,,,,0.0,0.0,0.0,0.0,0.0,,,,,,,,,Filed IFR to Salt Lake smooth flight,,,,,,1,0,1,0,0,0,1,1,0,0,1
2023-10-14,N234AB,KBOI,KMYL,BOI DNJ MYL,,,,,,,1.4,1.4,0.0,0.0,0.0,1.4,0.0,0.0,0.0,0.0,0.0,0.0,,0.0,0.0,,,,,0,,,,,,,0.0,0.0,0.0,0.0,0.0,,,,,,,,,Beautiful fall colors along the river,,,,,,1,0,1,0,0,0,1,1,0,0,1
2023-10-07,N891EF,KBOI,KTWF,,,,,,,,1.3,1.3,0.0,0.0,0.0,1.3,0.0,0.0,0.0,0.0,0.0,0.0,,0.0,0.0,,,,,0,,,,,,,0.0,0.0,0.0,0.0,0.0,,,,,,,,,,,,,,,1,0,1,0,0,0,1,1,0,0,1
2023-10-01,N234AB,KBOI,S67,,,,,,,,1.4,1.4,0.0,0.0,0.0,1.4,0.0,0.0,0.0,0.0,0.0,0.0,,0.0,0.0,,,,,0,,,,,,,0.0,0.0,0.0,0.0,0.0,,,,,,,,,Backcountry flying end of season,,,,,,1,0,1,0,0,0,1,1,0,0,1
2023-09-30,N567CD,KBOI,KSEA,BOI LKT SEA,,,,,,,3.4,3.4,0.0,0.0,0.0,3.4,0.0,0.0,0.0,0.0,0.0,0.0,,0.0,0.0,,,,,0,,,,,,,0.0,0.0,0.0,0.0,0.0,,,,,,,,,Flew to Seattle great VFR day,,,,,,1,0,1,0,0,0,1,1,0,0,1
2023-09-23,N345GH,KBOI,KRNO,BOI WMC RNO,,,,,,,2.7,2.7,0.0,0.0,0.0,2.7,0.0,0.0,0.0,0.0,0.0,0.0,,0.0,0.0,,,,,0,,,,,,,0.0,0.0,0.0,0.0,0.0,,,,,,,,,High performance checkout in the 210,,,,,,1,0,1,0,0,0,1,1,0,0,1
2023-09-19,N891EF,KBOI,KTWF,,,,,,,,1.3,1.3,0.0,0.0,0.0,1.3,0.0,0.0,0.0,0.0,0.0,0.0,,0.0,0.0,,,,,0,,,,,,,0.0,0.0,0.0,0.0,0.0,,,,,,,,,,,,,,,1,0,1,0,0,0,1,1,0,0,1
2023-09-16,N234AB,KBOI,S67,,,,,,,,1.5,1.5,0.0,0.0,0.0,1.5,0.0,0.0,0.0,0.0,0.0,0.0,,0.0,0.0,,,,,0,,,,,,,0.0,0.0,0.0,0.0,0.0,,,,,,,,,Backcountry strip short field ops at Smiley Creek,,,,,,1,0,1,0,0,0,1,1,0,0,1
2023-09-09,N567CD,KBOI,KBOI,,,,,,,,1.1,1.1,0.0,1.1,0.0,0.0,0.0,0.0,0.0,0.0,0.0,0.0,,0.0,0.0,,,,,0,,,,,,,0.0,0.0,0.0,0.0,0.0,,,,,,,,,Night currency calm winds,,,,,,0,3,0,0,3,0,0,0,3,3,3
2023-09-02,N567CD,KBOI,KRDM,BOI RDM,,,,,,,2.3,2.3,0.0,0.0,0.0,2.3,0.0,0.0,0.0,0.0,0.0,0.0,,0.0,0.0,,,,,0,,,,,,,0.0,0.0,0.0,0.0,0.0,,,,,,,,,Smoke from wildfires limiting visibility to 5mi,,,,,,1,0,1,0,0,0,1,1,0,0,1
2023-08-26,N234AB,KBOI,KMYL,BOI DNJ MYL,,,,,,,1.4,1.4,0.0,0.0,0.0,1.4,0.0,0.0,0.0,0.0,0.0,0.0,,0.0,0.0,,,,,0,,,,,,,0.0,0.0,0.0,0.0,0.0,,,,,,,,,Passenger sightseeing over Stanley Basin,,,,,,1,0,1,0,0,0,1,1,0,0,1
2023-08-19,N567CD,KBOI,KLAS,BOI TWF MLF LAS,,,,,,,3.9,3.9,0.0,0.0,0.0,3.9,0.0,0.0,0.0,0.0,0.0,0.0,,0.0,0.0,,,,,0,,,,,,,0.0,0.0,0.0,0.0,0.0,,,,,,,,,Long XC to Vegas thermals over the desert,,,,,,1,0,1,0,0,0,1,1,0,0,1
2023-08-12,N891EF,KBOI,KTWF,,,,,,,,1.3,1.3,0.0,0.0,0.0,1.3,0.0,0.0,0.0,0.0,0.0,0.0,,0.0,0.0,,,,,0,,,,,,,0.0,0.0,0.0,0.0,0.0,,,,,,,,,Fuel stop at Twin Falls quick turnaround,,,,,,1,0,1,0,0,0,1,1,0,0,1
2023-08-09,N567CD,KBOI,KBOI,,,,,,,,1.0,1.0,0.0,0.0,0.0,0.0,0.0,0.0,0.0,0.0,0.0,0.0,,0.0,0.0,,,,,0,,,,,,,0.0,0.0,0.0,0.0,0.0,,,,,,,,,Pattern work with a friend riding along,,,,,,4,0,4,0,0,0,4,4,0,0,4
2023-08-05,N234AB,KBOI,KSUN,BOI TWF SUN,,,,,,,1.8,1.8,0.0,0.0,0.0,1.8,0.0,0.0,0.0,0.0,0.0,0.0,,0.0,0.0,,,,,0,,,,,,,0.0,0.0,0.0,0.0,0.0,,,,,,,,,Scenic flight over Sawtooth range,,,,,,1,0,1,0,0,0,1,1,0,0,1
2023-07-31,N234AB,KBOI,U70,,,,,,,,1.0,1.0,0.0,0.0,0.0,1.0,0.0,0.0,0.0,0.0,0.0,0.0,,0.0,0.0,,,,,0,,,,,,,0.0,0.0,0.0,0.0,0.0,,,,,,,,,Flew to Cascade for lunch on the lake,,,,,,1,0,1,0,0,0,1,1,0,0,1
2023-07-29,N567CD,KBOI,KMFR,BOI RDM MFR,,,,,,,3.5,3.5,0.0,0.0,0.0,3.5,0.0,0.0,0.0,0.0,0.0,0.0,,0.0,0.0,,,,,0,,,,,,,0.0,0.0,0.0,0.0,0.0,,,,,,,,,,,,,,,1,0,1,0,0,0,1,1,0,0,1
2023-07-22,N345GH,KBOI,KGTF,BOI HLN GTF,,,,,,,3.1,3.1,0.0,0.0,0.0,3.1,0.0,0.0,1.0,0.0,0.0,0.0,,0.7,0.3,,,,,0,1;VOR RWY 21;21;KLWS;,,,,,,0.0,0.0,0.0,0.0,0.0,,,,,,,,,IFR practice to Great Falls holds over Helena,,,,,,1,0,1,0,0,0,1,1,0,0,1
2023-07-15,N234AB,KBOI,U70,,,,,,,,1.0,1.0,0.0,0.0,0.0,1.0,0.0,0.0,0.0,0.0,0.0,0.0,,0.0,0.0,,,,,0,,,,,,,0.0,0.0,0.0,0.0,0.0,,,,,,,,,Quick flight to Cascade for breakfast,,,,,,1,0,1,0,0,0,1,1,0,0,1
2023-07-12,N891EF,KBOI,KGNG,,,,,,,,1.1,1.1,0.0,0.0,0.0,1.1,0.0,0.0,0.0,0.0,0.0,0.0,,0.0,0.0,,,,,0,,,,,,,0.0,0.0,0.0,0.0,0.0,,,,,,,,,,,,,,,1,0,1,0,0,0,1,1,0,0,1
2023-07-08,N567CD,KBOI,KBZN,BOI BZN,,,,,,,2.5,2.5,0.0,0.0,0.0,2.5,0.0,0.0,0.0,0.0,0.0,0.0,,0.0,0.0,,,,,0,,,,,,,0.0,0.0,0.0,0.0,0.0,,,,,,,,,Summer trip to Bozeman for fly fishing,,,,,,1,0,1,0,0,0,1,1,0,0,1
2023-07-01,N234AB,KBOI,KGNG,,,,,,,,1.1,1.1,0.0,0.0,0.0,1.1,0.0,0.0,0.0,0.0,0.0,0.0,,0.0,0.0,,,,,0,,,,,,,0.0,0.0,0.0,0.0,0.0,,,,,,,,,,,,,,,1,0,1,0,0,0,1,1,0,0,1
2023-06-24,N891EF,KBOI,KLWS,BOI LWS,,,,,,,1.8,1.8,0.0,0.0,0.0,1.8,0.0,0.0,0.0,0.0,0.0,0.0,,0.0,0.0,,,,,0,,,,,,,0.0,0.0,0.0,0.0,0.0,,,,,,,,,Gusty winds on departure smooth at altitude,,,,,,1,0,1,0,0,0,1,1,0,0,1
2023-06-17,N567CD,KBOI,KSFO,BOI RNO SFO,,,,,,,4.2,4.2,0.0,0.0,0.0,4.2,0.0,0.0,0.0,0.0,0.0,0.0,,0.0,0.0,,,,,0,,,,,,,0.0,0.0,0.0,0.0,0.0,,,,,,,,,Long XC to San Francisco marine layer cleared,,,,,,1,0,1,0,0,0,1,1,0,0,1
2023-06-10,N234AB,KBOI,KTWF,,,,,,,,1.3,1.3,0.0,0.0,0.0,1.3,0.0,0.0,0.0,0.0,0.0,0.0,,0.0,0.0,,,,,0,,,,,,,0.0,0.0,0.0,0.0,0.0,,,,,,,,,,,,,,,1,0,1,0,0,0,1,1,0,0,1
2023-06-07,N234AB,KBOI,KBOI,,,,,,,,1.1,1.1,0.0,0.0,0.0,0.0,0.0,0.0,0.0,0.0,0.0,0.0,,0.0,0.0,,,,,0,,,,,,,0.0,0.0,0.0,0.0,0.0,,,,,,,,,Sunset flight along the Snake River,,,,,,3,0,3,0,0,0,3,3,0,0,3
2023-06-03,N567CD,KBOI,KMSO,BOI MSO,,,,,,,2.5,2.5,0.0,0.0,0.0,2.5,0.0,0.0,0.0,0.0,0.0,0.0,,0.0,0.0,,,,,0,,,,,,,0.0,0.0,0.0,0.0,0.0,,,,,,,,,Mountain flying over the Bitterroots,,,,,,1,0,1,0,0,0,1,1,0,0,1
2023-05-30,N567CD,KBOI,KBZN,BOI BZN,,,,,,,2.5,2.5,0.0,0.0,0.0,2.5,0.0,0.0,0.0,0.0,0.0,0.0,,0.0,0.0,,,,,0,,,,,,,0.0,0.0,0.0,0.0,0.0,,,,,,,,,Memorial Day weekend trip to Montana,,,,,,1,0,1,0,0,0,1,1,0,0,1
2023-05-27,N234AB,KBOI,KSUN,BOI TWF SUN,,,,,,,1.7,1.7,0.0,0.0,0.0,1.7,0.0,0.0,0.0,0.0,0.0,0.0,,0.0,0.0,,,,,0,,,,,,,0.0,0.0,0.0,0.0,0.0,,,,,,,,,,,,,,,1,0,1,0,0,0,1,1,0,0,1
2023-05-20,N567CD,KBOI,KSMF,BOI RNO SMF,,,,,,,3.5,3.5,0.0,0.0,0.0,3.5,0.0,0.0,1.1,0.0,0.0,0.0,,0.8,0.3,,,,,0,1;RNAV (GPS) RWY 10R;10R;KBOI;,,,,,,0.0,0.0,0.0,0.0,0.0,,,,,,,,,IFR to Sacramento practice in actual conditions,,,,,,1,0,1,0,0,0,1,1,0,0,1
2023-05-13,N891EF,KBOI,KBOI,,,,,,,,1.0,1.0,0.0,0.0,0.0,0.0,0.0,0.0,0.0,0.0,0.0,0.0,,0.0,0.0,,,,,0,,,,,,,0.0,0.0,0.0,0.0,0.0,,,,,,,,,Pattern work maintaining currency,,,,,,4,0,4,0,0,0,4,4,0,0,4
2023-05-06,N234AB,KBOI,S67,,,,,,,,1.5,1.5,0.0,0.0,0.0,1.5,0.0,0.0,0.0,0.0,0.0,0.0,,0.0,0.0,,,,,0,,,,,,,0.0,0.0,0.0,0.0,0.0,,,,,,,,,Backcountry flying to Smiley Creek,,,,,,1,0,1,0,0,0,1,1,0,0,1
2023-05-01,N567CD,KBOI,KLWS,BOI LWS,,,,,,,1.8,1.8,0.0,0.0,0.0,1.8,0.0,0.0,0.0,0.0,0.0,0.0,,0.0,0.0,,,,,0,,,,,,,0.0,0.0,0.0,0.0,0.0,,,,,,,,,Short XC to Lewiston nice day,,,,,,1,0,1,0,0,0,1,1,0,0,1
2023-04-29,N567CD,KBOI,KPDX,BOI ONP PDX,,,,,,,3.2,3.2,0.0,0.0,0.0,3.2,0.0,0.0,0.0,0.0,0.0,0.0,,0.0,0.0,,,,,0,,,,,,,0.0,0.0,0.0,0.0,0.0,,,,,,,,,Dodged a rain shower on the way back,,,,,,1,0,1,0,0,0,1,1,0,0,1
2023-04-25,N567CD,KBOI,KBOI,,,,,,,,1.1,1.1,0.0,0.0,0.0,0.0,0.0,0.0,0.8,0.0,0.0,0.0,,0.6,0.2,,,,,0,1;ILS OR LOC RWY 10R;10R;KBOI;,,,,,,0.0,0.0,0.0,0.0,0.0,,,,,,,,,Instrument proficiency check complete,,,,,,1,0,1,0,0,0,1,1,0,0,1
2023-04-22,N234AB,KBOI,KTWF,,,,,,,,1.4,1.4,0.0,0.0,0.0,1.4,0.0,0.0,0.0,0.0,0.0,0.0,,0.0,0.0,,,,,0,,,,,,,0.0,0.0,0.0,0.0,0.0,,,,,,,,,,,,,,,1,0,1,0,0,0,1,1,0,0,1
2023-04-15,N567CD,KBOI,KOGD,BOI TWF OGD,,,,,,,2.4,2.4,0.0,0.0,0.0,2.4,0.0,0.0,0.0,0.0,0.0,0.0,,0.0,0.0,,,,,0,,,,,,,0.0,0.0,0.0,0.0,0.0,,,,,,,,,,,,,,,1,0,1,0,0,0,1,1,0,0,1
2023-04-01,N234AB,KBOI,KMYL,BOI DNJ MYL,,,,,,,1.4,1.4,0.0,0.0,0.0,1.4,0.0,0.0,0.0,0.0,0.0,0.0,,0.0,0.0,,,,,0,,,,,,,0.0,0.0,0.0,0.0,0.0,,,,,,,,,Spring trip to McCall ice still on the lake,,,,,,1,0,1,0,0,0,1,1,0,0,1
2023-03-25,N234AB,KBOI,KGNG,,,,,,,,1.1,1.1,0.0,0.0,0.0,1.1,0.0,0.0,0.0,0.0,0.0,0.0,,0.0,0.0,,,,,0,,,,,,,0.0,0.0,0.0,0.0,0.0,,,,,,,,,Perfect greaser landing finally!,,,,,,1,0,1,0,0,0,1,1,0,0,1
2023-03-18,N567CD,KBOI,KSLC,BOI TWF OGD SLC,,,,,,,3.0,3.0,0.0,0.0,0.0,3.0,0.0,0.0,0.0,0.0,0.0,0.0,,0.0,0.0,,,,,0,,,,,,,0.0,0.0,0.0,0.0,0.0,,,,,,,,,Long XC to Salt Lake smooth flight,,,,,,1,0,1,0,0,0,1,1,0,0,1
2023-03-11,N234AB,KBOI,KBOI,,,,,,,,1.0,1.0,0.0,0.0,0.0,0.0,0.0,0.0,0.0,0.0,0.0,0.0,,0.0,0.0,,,,,0,,,,,,,0.0,0.0,0.0,0.0,0.0,,,,,,,,,Crosswind practice gusty spring winds,,,,,,5,0,5,0,0,0,5,5,0,0,5
2023-02-25,N234AB,KBOI,KTWF,,,,,,,,1.3,1.3,0.0,0.0,0.0,1.3,0.0,0.0,0.0,0.0,0.0,0.0,,0.0,0.0,,,,,0,,,,,,,0.0,0.0,0.0,0.0,0.0,,,,,,,,,Winter XC to Twin Falls clear skies,,,,,,1,0,1,0,0,0,1,1,0,0,1
2023-02-11,N567CD,KBOI,KSUN,BOI TWF SUN,,,,,,,1.8,1.8,0.0,0.0,0.0,1.8,0.0,0.0,0.0,0.0,0.0,0.0,,0.0,0.0,,,,,0,,,,,,,0.0,0.0,0.0,0.0,0.0,,,,,,,,,Flew skiers to Sun Valley bumpy over the pass,,,,,,1,0,1,0,0,0,1,1,0,0,1
2023-01-28,N234AB,KBOI,KBOI,,,,,,,,1.1,1.1,0.0,1.1,0.0,0.0,0.0,0.0,0.0,0.0,0.0,0.0,,0.0,0.0,,,,,0,,,,,,,0.0,0.0,0.0,0.0,0.0,,,,,,,,,Night currency calm clear winter night,,,,,,0,3,0,0,3,0,0,0,3,3,3
2023-01-14,N567CD,KBOI,KTWF,,,,,,,,1.4,1.4,0.0,0.0,0.0,1.4,0.0,0.0,0.0,0.0,0.0,0.0,,0.0,0.0,,,,,0,,,,,,,0.0,0.0,0.0,0.0,0.0,,,,,,,,,Cold start needed preheat,,,,,,1,0,1,0,0,0,1,1,0,0,1
2022-12-24,N234AB,KBOI,KBOI,,,,,,,,1.0,1.0,0.0,0.0,0.0,0.0,0.0,0.0,0.0,0.0,0.0,0.0,,0.0,0.0,,,,,0,,,,,,,0.0,0.0,0.0,0.0,0.0,,,,,,,,,Christmas Eve flight sightseeing snow covered valley,,,,,,3,0,3,0,0,0,3,3,0,0,3
2022-12-17,N234AB,KBOI,KTWF,,,,,,,,1.3,1.3,0.0,0.0,0.0,1.3,0.0,0.0,0.0,0.0,0.0,0.0,,0.0,0.0,,,,,0,,,,,,,0.0,0.0,0.0,0.0,0.0,,,,,,,,,,,,,,,1,0,1,0,0,0,1,1,0,0,1
2022-12-10,N567CD,KBOI,KSLC,BOI TWF OGD SLC,,,,,,,3.1,3.1,0.0,0.0,0.0,3.1,0.0,0.0,1.2,0.0,0.0,0.0,,0.9,0.3,,,,,1,1;ILS RWY 34R;34R;KSLC;,1;RNAV (GPS) RWY 35;35;KOGD;,,,,,0.0,1.2,0.0,0.0,0.0,Sarah Chen,,,,,,,,IFR XC to SLC with instructor final IR prep,,,,,,1,0,1,0,0,0,1,1,0,0,1
2022-12-06,N567CD,KBOI,KTWF,,,,,,,,1.3,1.3,0.0,0.0,0.0,1.3,0.0,0.0,0.9,0.0,0.0,0.0,,0.7,0.2,,,,,0,1;RNAV (GPS) RWY 25;25;KTWF;,,,,,,0.0,1.3,0.0,0.0,0.0,Sarah Chen,,,,,,,,Instrument checkride - passed! IR complete,,,,,,1,0,1,0,0,0,1,1,0,0,1
2022-12-03,N234AB,KBOI,KBOI,,,,,,,,1.5,1.5,0.0,0.0,0.0,0.0,0.0,0.0,1.2,0.0,0.0,0.0,,0.0,1.0,,,,,2,1;ILS OR LOC RWY 10R;10R;KBOI;,1;RNAV (GPS) RWY 28L;28L;KBOI;,,,,,0.0,1.5,0.0,0.0,0.0,Sarah Chen,,,,,,,,Hood work holding patterns and approaches,,,,,,3,0,3,0,0,0,3,3,0,0,3
2022-11-30,N234AB,KBOI,KTWF,,,,,,,,1.3,1.3,0.0,0.0,0.0,1.3,0.0,0.0,0.8,0.0,0.0,0.0,,0.0,0.6,,,,,0,1;RNAV (GPS) RWY 25;25;KTWF;,,,,,,0.0,1.3,0.0,0.0,0.0,Sarah Chen,,,,,,,,IFR practice under the hood to TWF,,,,,,1,0,1,0,0,0,1,1,0,0,1
2022-11-26,N567CD,KBOI,KPDX,BOI ONP PDX,,,,,,,3.2,3.2,0.0,0.0,0.0,3.2,0.0,0.0,1.1,0.0,0.0,0.0,,0.8,0.3,,,,,0,1;ILS RWY 28R;28R;KPDX;,,,,,,0.0,3.2,0.0,0.0,0.0,Sarah Chen,,,,,,,,IFR XC to Portland practice in actual IMC,,,,,,1,0,1,0,0,0,1,1,0,0,1
2022-11-19,N234AB,KBOI,KBOI,,,,,,,,1.4,1.4,0.0,0.0,0.0,0.0,0.0,0.0,1.1,0.0,0.0,0.0,,0.0,0.9,,,,,1,1;VOR RWY 10R;10R;KBOI;,1;ILS OR LOC RWY 10R;10R;KBOI;,,,,,0.0,1.4,0.0,0.0,0.0,Sarah Chen,,,,,,,,Simulated instrument approaches under the hood,,,,,,4,0,4,0,0,0,4,4,0,0,4
2022-11-12,N234AB,KBOI,KTWF,,,,,,,,1.4,1.4,0.0,0.0,0.0,1.4,0.0,0.0,0.9,0.0,0.0,0.0,,0.0,0.7,,,,,0,1;ILS RWY 25;25;KTWF;,,,,,,0.0,1.4,0.0,0.0,0.0,Sarah Chen,,,,,,,,IFR training XC to Twin Falls under the hood,,,,,,1,0,1,0,0,0,1,1,0,0,1
2022-11-08,N234AB,KBOI,KBOI,,,,,,,,1.4,1.4,0.0,0.0,0.0,0.0,0.0,0.0,1.1,0.0,0.0,0.0,,0.0,0.9,,,,,1,1;RNAV (GPS) RWY 10R;10R;KBOI;,1;ILS OR LOC RWY 10R;10R;KBOI;,,,,,0.0,1.4,0.0,0.0,0.0,Sarah Chen,,,,,,,,Approaches and missed approach procedures,,,,,,4,0,4,0,0,0,4,4,0,0,4
2022-11-05,N891EF,KBOI,KMYL,BOI DNJ MYL,,,,,,,1.5,1.5,0.0,0.0,0.0,1.5,0.0,0.0,0.0,0.0,0.0,0.0,,0.0,0.0,,,,,0,,,,,,,0.0,0.0,0.0,0.0,0.0,,,,,,,,,Scenic fall flight to McCall,,,,,,1,0,1,0,0,0,1,1,0,0,1
2022-10-29,N234AB,KBOI,KBOI,,,,,,,,1.3,1.3,0.0,0.0,0.0,0.0,0.0,0.0,1.0,0.0,0.0,0.0,,0.0,0.8,,,,,1,1;RNAV (GPS) RWY 10R;10R;KBOI;,1;RNAV (GPS) RWY 28L;28L;KBOI;,,,,,0.0,1.3,0.0,0.0,0.0,Sarah Chen,,,,,,,,Instrument approaches under the hood,,,,,,4,0,4,0,0,0,4,4,0,0,4
2022-10-25,N891EF,KBOI,KGNG,,,,,,,,1.1,1.1,0.0,0.0,0.0,1.1,0.0,0.0,0.0,0.0,0.0,0.0,,0.0,0.0,,,,,0,,,,,,,0.0,0.0,0.0,0.0,0.0,,,,,,,,,Quick flight to Gooding and back,,,,,,1,0,1,0,0,0,1,1,0,0,1
2022-10-22,N567CD,KBOI,KSEA,BOI LKT SEA,,,,,,,3.3,3.3,0.0,0.0,0.0,3.3,0.0,0.0,1.2,0.0,0.0,0.0,,0.9,0.3,,,,,0,1;ILS RWY 16R;16R;KSEA;,,,,,,0.0,3.3,0.0,0.0,0.0,Sarah Chen,,,,,,,,IFR XC to Seattle low ceilings on arrival,,,,,,1,0,1,0,0,0,1,1,0,0,1
2022-10-15,N234AB,KBOI,KBOI,,,,,,,,1.5,1.5,0.0,0.0,0.0,0.0,0.0,0.0,1.2,0.0,0.0,0.0,,0.0,1.0,,,,,2,1;ILS OR LOC RWY 10R;10R;KBOI;,1;VOR RWY 10R;10R;KBOI;,1;RNAV (GPS) RWY 28L;28L;KBOI;,,,,0.0,1.5,0.0,0.0,0.0,Sarah Chen,,,,,,,,Three approaches and holds IR training,,,,,,5,0,5,0,0,0,5,5,0,0,5
2022-10-08,N234AB,KBOI,KTWF,,,,,,,,1.3,1.3,0.0,0.0,0.0,1.3,0.0,0.0,0.9,0.0,0.0,0.0,,0.0,0.7,,,,,0,1;RNAV (GPS) RWY 25;25;KTWF;,,,,,,0.0,1.3,0.0,0.0,0.0,Sarah Chen,,,,,,,,Under the hood to TWF tracking VORs,,,,,,1,0,1,0,0,0,1,1,0,0,1
2022-10-04,N891EF,KBOI,U70,,,,,,,,1.0,1.0,0.0,0.0,0.0,1.0,0.0,0.0,0.0,0.0,0.0,0.0,,0.0,0.0,,,,,0,,,,,,,0.0,0.0,0.0,0.0,0.0,,,,,,,,,Quick trip to Cascade for breakfast,,,,,,1,0,1,0,0,0,1,1,0,0,1
2022-10-01,N234AB,KBOI,KSUN,BOI TWF SUN,,,,,,,1.8,1.8,0.0,0.0,0.0,1.8,0.0,0.0,0.0,0.0,0.0,0.0,,0.0,0.0,,,,,0,,,,,,,0.0,0.0,0.0,0.0,0.0,,,,,,,,,VFR to Sun Valley building XC time,,,,,,1,0,1,0,0,0,1,1,0,0,1
2022-09-27,N234AB,KBOI,KBOI,,,,,,,,1.1,1.1,0.0,1.1,0.0,0.0,0.0,0.0,0.0,0.0,0.0,0.0,,0.0,0.0,,,,,0,,,,,,,0.0,0.0,0.0,0.0,0.0,,,,,,,,,Night flight over the city beautiful lights,,,,,,0,3,0,0,3,0,0,0,3,3,3
2022-09-24,N567CD,KBOI,KRDM,BOI RDM,,,,,,,2.4,2.4,0.0,0.0,0.0,2.4,0.0,0.0,0.0,0.0,0.0,0.0,,0.0,0.0,,,,,0,,,,,,,0.0,0.0,0.0,0.0,0.0,,,,,,,,,XC to Redmond over the high desert,,,,,,1,0,1,0,0,0,1,1,0,0,1
2022-09-17,N234AB,KBOI,KBOI,,,,,,,,1.4,1.4,0.0,0.0,0.0,0.0,0.0,0.0,1.1,0.0,0.0,0.0,,0.0,0.9,,,,,1,1;ILS OR LOC RWY 10R;10R;KBOI;,1;RNAV (GPS) RWY 10R;10R;KBOI;,,,,,0.0,1.4,0.0,0.0,0.0,Sarah Chen,,,,,,,,Instrument training partial panel work,,,,,,4,0,4,0,0,0,4,4,0,0,4
2022-09-13,N234AB,KBOI,KTWF,,,,,,,,1.3,1.3,0.0,0.0,0.0,1.3,0.0,0.0,0.8,0.0,0.0,0.0,,0.0,0.6,,,,,0,1;ILS RWY 25;25;KTWF;,,,,,,0.0,1.3,0.0,0.0,0.0,Sarah Chen,,,,,,,,Instrument approach practice to TWF,,,,,,1,0,1,0,0,0,1,1,0,0,1
2022-09-10,N891EF,KBOI,KGNG,,,,,,,,1.1,1.1,0.0,0.0,0.0,1.1,0.0,0.0,0.0,0.0,0.0,0.0,,0.0,0.0,,,,,0,,,,,,,0.0,0.0,0.0,0.0,0.0,,,,,,,,,Short XC to Gooding for the airshow,,,,,,1,0,1,0,0,0,1,1,0,0,1
2022-09-03,N234AB,KBOI,KBOI,,,,,,,,1.3,1.3,0.0,0.0,0.0,0.0,0.0,0.0,1.0,0.0,0.0,0.0,,0.0,0.8,,,,,1,1;ILS OR LOC RWY 10R;10R;KBOI;,,,,,,0.0,1.3,0.0,0.0,0.0,Sarah Chen,,,,,,,,Hood work with instructor holding patterns,,,,,,3,0,3,0,0,0,3,3,0,0,3
2022-08-30,N234AB,KBOI,KGNG,,,,,,,,1.1,1.1,0.0,0.0,0.0,1.1,0.0,0.0,0.0,0.0,0.0,0.0,,0.0,0.0,,,,,0,,,,,,,0.0,0.0,0.0,0.0,0.0,,,,,,,,,Short hop building hours,,,,,,1,0,1,0,0,0,1,1,0,0,1
2022-08-27,N567CD,KBOI,KBZN,BOI BZN,,,,,,,2.5,2.5,0.0,0.0,0.0,2.5,0.0,0.0,0.0,0.0,0.0,0.0,,0.0,0.0,,,,,0,,,,,,,0.0,0.0,0.0,0.0,0.0,,,,,,,,,XC to Bozeman for a weekend trip,,,,,,1,0,1,0,0,0,1,1,0,0,1
2022-08-20,N234AB,KBOI,KBOI,,,,,,,,1.4,1.4,0.0,0.0,0.0,0.0,0.0,0.0,1.1,0.0,0.0,0.0,,0.0,0.9,,,,,1,1;RNAV (GPS) RWY 28L;28L;KBOI;,1;ILS OR LOC RWY 10R;10R;KBOI;,,,,,0.0,1.4,0.0,0.0,0.0,Sarah Chen,,,,,,,,Two approaches and a hold under the hood,,,,,,4,0,4,0,0,0,4,4,0,0,4
2022-08-16,N234AB,KBOI,KBOI,,,,,,,,1.3,1.3,0.0,0.0,0.0,0.0,0.0,0.0,1.0,0.0,0.0,0.0,,0.0,0.8,,,,,1,1;RNAV (GPS) RWY 10R;10R;KBOI;,,,,,,0.0,1.3,0.0,0.0,0.0,Sarah Chen,,,,,,,,Instrument approaches in the pattern,,,,,,4,0,4,0,0,0,4,4,0,0,4
2022-08-13,N234AB,KBOI,KMYL,BOI DNJ MYL,,,,,,,1.4,1.4,0.0,0.0,0.0,1.4,0.0,0.0,0.0,0.0,0.0,0.0,,0.0,0.0,,,,,0,,,,,,,0.0,0.0,0.0,0.0,0.0,,,,,,,,,First time to McCall gorgeous approach,,,,,,1,0,1,0,0,0,1,1,0,0,1
2022-08-06,N891EF,KBOI,KTWF,,,,,,,,1.3,1.3,0.0,0.0,0.0,1.3,0.0,0.0,0.0,0.0,0.0,0.0,,0.0,0.0,,,,,0,,,,,,,0.0,0.0,0.0,0.0,0.0,,,,,,,,,Thermals over the lava fields rough ride,,,,,,1,0,1,0,0,0,1,1,0,0,1
2022-08-02,N891EF,KBOI,KLWS,BOI LWS,,,,,,,1.9,1.9,0.0,0.0,0.0,1.9,0.0,0.0,0.0,0.0,0.0,0.0,,0.0,0.0,,,,,0,,,,,,,0.0,0.0,0.0,0.0,0.0,,,,,,,,,XC to Lewiston building PIC hours,,,,,,1,0,1,0,0,0,1,1,0,0,1
2022-07-30,N234AB,KBOI,KBOI,,,,,,,,1.5,1.5,0.0,0.0,0.0,0.0,0.0,0.0,1.2,0.0,0.0,0.0,,0.0,1.0,,,,,1,1;ILS OR LOC RWY 10R;10R;KBOI;,1;VOR RWY 10R;10R;KBOI;,,,,,0.0,1.5,0.0,0.0,0.0,Sarah Chen,,,,,,,,Full approach sequence under the hood,,,,,,4,0,4,0,0,0,4,4,0,0,4
2022-07-23,N567CD,KBOI,KSLC,BOI TWF OGD SLC,,,,,,,3.0,3.0,0.0,0.0,0.0,3.0,0.0,0.0,1.1,0.0,0.0,0.0,,0.8,0.3,,,,,0,1;ILS RWY 34R;34R;KSLC;,,,,,,0.0,3.0,0.0,0.0,0.0,Sarah Chen,,,,,,,,IFR XC to SLC with instructor,,,,,,1,0,1,0,0,0,1,1,0,0,1
2022-07-16,N234AB,KBOI,KBOI,,,,,,,,1.3,1.3,0.0,1.3,0.0,0.0,0.0,0.0,0.0,0.0,0.0,0.0,,0.0,0.0,,,,,0,,,,,,,0.0,0.0,0.0,0.0,0.0,,,,,,,,,Night XC city lights beautiful from 8500,,,,,,0,3,0,0,3,0,0,0,3,3,3
2022-07-12,N234AB,KBOI,KBOI,,,,,,,,1.3,1.3,0.0,0.0,0.0,0.0,0.0,0.0,1.0,0.0,0.0,0.0,,0.0,0.8,,,,,1,1;ILS OR LOC RWY 10R;10R;KBOI;,,,,,,0.0,1.3,0.0,0.0,0.0,Sarah Chen,,,,,,,,Holding pattern practice under the hood,,,,,,3,0,3,0,0,0,3,3,0,0,3
2022-07-09,N234AB,KBOI,KSUN,BOI TWF SUN,,,,,,,1.7,1.7,0.0,0.0,0.0,1.7,0.0,0.0,0.0,0.0,0.0,0.0,,0.0,0.0,,,,,0,,,,,,,0.0,0.0,0.0,0.0,0.0,,,,,,,,,Mountain flying practice density altitude 8500,,,,,,1,0,1,0,0,0,1,1,0,0,1
2022-07-05,N567CD,KBOI,KMSO,BOI MSO,,,,,,,2.5,2.5,0.0,0.0,0.0,2.5,0.0,0.0,0.0,0.0,0.0,0.0,,0.0,0.0,,,,,0,,,,,,,0.0,0.0,0.0,0.0,0.0,,,,,,,,,4th of July weekend trip to Missoula,,,,,,1,0,1,0,0,0,1,1,0,0,1
2022-07-02,N234AB,KBOI,KTWF,,,,,,,,1.3,1.3,0.0,0.0,0.0,1.3,0.0,0.0,0.8,0.0,0.0,0.0,,0.0,0.6,,,,,0,1;ILS RWY 25;25;KTWF;,,,,,,0.0,1.3,0.0,0.0,0.0,Sarah Chen,,,,,,,,Hood work enroute to Twin Falls,,,,,,1,0,1,0,0,0,1,1,0,0,1
2022-06-28,N567CD,KBOI,KYKM,BOI YKM,,,,,,,2.3,2.3,0.0,0.0,0.0,2.3,0.0,0.0,0.0,0.0,0.0,0.0,,0.0,0.0,,,,,0,,,,,,,0.0,0.0,0.0,0.0,0.0,,,,,,,,,XC to Yakima over the Blues,,,,,,1,0,1,0,0,0,1,1,0,0,1
2022-06-25,N891EF,KBOI,S67,,,,,,,,1.5,1.5,0.0,0.0,0.0,1.5,0.0,0.0,0.0,0.0,0.0,0.0,,0.0,0.0,,,,,0,,,,,,,0.0,0.0,0.0,0.0,0.0,,,,,,,,,Backcountry strip Smiley Creek short field ops,,,,,,1,0,1,0,0,0,1,1,0,0,1
2022-06-18,N234AB,KBOI,KBOI,,,,,,,,1.4,1.4,0.0,0.0,0.0,0.0,0.0,0.0,1.1,0.0,0.0,0.0,,0.0,0.9,,,,,1,1;RNAV (GPS) RWY 10R;10R;KBOI;,1;ILS OR LOC RWY 10R;10R;KBOI;,,,,,0.0,1.4,0.0,0.0,0.0,Sarah Chen,,,,,,,,Approaches and tracking practice under hood,,,,,,4,0,4,0,0,0,4,4,0,0,4
2022-06-14,N234AB,KBOI,KBOI,,,,,,,,1.0,1.0,0.0,0.0,0.0,0.0,0.0,0.0,0.0,0.0,0.0,0.0,,0.0,0.0,,,,,0,,,,,,,0.0,0.0,0.0,0.0,0.0,,,,,,,,,Flew over Craters of the Moon at 9500,,,,,,3,0,3,0,0,0,3,3,0,0,3
2022-06-11,N567CD,KBOI,KPDX,BOI ONP PDX,,,,,,,3.3,3.3,0.0,0.0,0.0,3.3,0.0,0.0,0.0,0.0,0.0,0.0,,0.0,0.0,,,,,0,,,,,,,0.0,0.0,0.0,0.0,0.0,,,,,,,,,VFR to Portland beautiful day,,,,,,1,0,1,0,0,0,1,1,0,0,1
2022-06-07,N234AB,KBOI,KTWF,,,,,,,,1.3,1.3,0.0,0.0,0.0,1.3,0.0,0.0,0.9,0.0,0.0,0.0,,0.0,0.7,,,,,0,1;ILS RWY 25;25;KTWF;,,,,,,0.0,1.3,0.0,0.0,0.0,Sarah Chen,,,,,,,,IFR XC to TWF tracking radials,,,,,,1,0,1,0,0,0,1,1,0,0,1
2022-06-04,N234AB,KBOI,KBOI,,,,,,,,1.3,1.3,0.0,0.0,0.0,0.0,0.0,0.0,1.0,0.0,0.0,0.0,,0.0,0.8,,,,,1,1;VOR RWY 10R;10R;KBOI;,,,,,,0.0,1.3,0.0,0.0,0.0,Sarah Chen,,,,,,,,VOR approach and holding pattern practice,,,,,,3,0,3,0,0,0,3,3,0,0,3
2022-05-31,N891EF,KBOI,KTWF,,,,,,,,1.3,1.3,0.0,0.0,0.0,1.3,0.0,0.0,0.0,0.0,0.0,0.0,,0.0,0.0,,,,,0,,,,,,,0.0,0.0,0.0,0.0,0.0,,,,,,,,,Quick XC building hours in the Archer,,,,,,1,0,1,0,0,0,1,1,0,0,1
2022-05-28,N234AB,KBOI,KOGD,BOI TWF OGD,,,,,,,2.4,2.4,0.0,0.0,0.0,2.4,0.0,0.0,0.9,0.0,0.0,0.0,,0.0,0.7,,,,,0,1;RNAV (GPS) RWY 35;35;KOGD;,,,,,,0.0,2.4,0.0,0.0,0.0,Sarah Chen,,,,,,,,IFR training XC to Ogden under the hood,,,,,,1,0,1,0,0,0,1,1,0,0,1
2022-05-21,N234AB,KBOI,KBOI,,,,,,,,1.4,1.4,0.0,0.0,0.0,0.0,0.0,0.0,1.1,0.0,0.0,0.0,,0.0,0.9,,,,,1,1;ILS OR LOC RWY 10R;10R;KBOI;,1;RNAV (GPS) RWY 28L;28L;KBOI;,,,,,0.0,1.4,0.0,0.0,0.0,Sarah Chen,,,,,,,,Instrument approaches under the hood,,,,,,4,0,4,0,0,0,4,4,0,0,4
2022-05-17,N234AB,KBOI,S67,,,,,,,,1.5,1.5,0.0,0.0,0.0,1.5,0.0,0.0,0.0,0.0,0.0,0.0,,0.0,0.0,,,,,0,,,,,,,0.0,0.0,0.0,0.0,0.0,,,,,,,,,Backcountry flying Smiley Creek,,,,,,1,0,1,0,0,0,1,1,0,0,1
2022-05-14,N891EF,KBOI,KTWF,,,,,,,,1.3,1.3,0.0,0.0,0.0,1.3,0.0,0.0,0.0,0.0,0.0,0.0,,0.0,0.0,,,,,0,,,,,,,0.0,0.0,0.0,0.0,0.0,,,,,,,,,Short XC building time,,,,,,1,0,1,0,0,0,1,1,0,0,1
2022-05-10,N234AB,KBOI,KBOI,,,,,,,,1.4,1.4,0.0,0.0,0.0,0.0,0.0,0.0,1.1,0.0,0.0,0.0,,0.0,0.9,,,,,0,1;RNAV (GPS) RWY 28L;28L;KBOI;,,,,,,0.0,1.4,0.0,0.0,0.0,Sarah Chen,,,,,,,,Basic attitude instrument flying under hood,,,,,,3,0,3,0,0,0,3,3,0,0,3
2022-05-07,N234AB,KBOI,KBOI,,,,,,,,1.3,1.3,0.0,0.0,0.0,0.0,0.0,0.0,1.0,0.0,0.0,0.0,,0.0,0.8,,,,,1,1;ILS OR LOC RWY 10R;10R;KBOI;,,,,,,0.0,1.3,0.0,0.0,0.0,Sarah Chen,,,,,,,,Started instrument training exciting,,,,,,3,0,3,0,0,0,3,3,0,0,3
2022-05-03,N234AB,KBOI,KBOI,,,,,,,,1.2,1.2,0.0,0.0,0.0,0.0,0.0,0.0,0.0,0.0,0.0,0.0,,0.0,0.0,,,,,0,,,,,,,0.0,0.0,0.0,0.0,0.0,,,,,,,,,Tower gave us a 360 for spacing,,,,,,4,0,4,0,0,0,4,4,0,0,4
2022-04-30,N234AB,KBOI,KSUN,BOI TWF SUN,,,,,,,1.8,1.8,0.0,0.0,0.0,1.8,0.0,0.0,0.0,0.0,0.0,0.0,,0.0,0.0,,,,,0,,,,,,,0.0,0.0,0.0,0.0,0.0,,,,,,,,,VFR to Sun Valley spring flying,,,,,,1,0,1,0,0,0,1,1,0,0,1
2022-04-23,N567CD,KBOI,KBZN,BOI BZN,,,,,,,2.6,2.6,0.0,0.0,0.0,2.6,0.0,0.0,0.0,0.0,0.0,0.0,,0.0,0.0,,,,,0,,,,,,,0.0,0.0,0.0,0.0,0.0,,,,,,,,,Checked out in the 182 more power!,,,,,,1,0,1,0,0,0,1,1,0,0,1
2022-04-16,N234AB,KBOI,KTWF,,,,,,,,1.3,1.3,0.0,0.0,0.0,1.3,0.0,0.0,0.0,0.0,0.0,0.0,,0.0,0.0,,,,,0,,,,,,,0.0,0.0,0.0,0.0,0.0,,,,,,,,,,,,,,,1,0,1,0,0,0,1,1,0,0,1
2022-04-12,N891EF,KBOI,KPUW,BOI LWS PUW,,,,,,,2.1,2.1,0.0,0.0,0.0,2.1,0.0,0.0,0.0,0.0,0.0,0.0,,0.0,0.0,,,,,0,,,,,,,0.0,0.0,0.0,0.0,0.0,,,,,,,,,XC to Pullman visiting friends at WSU,,,,,,1,0,1,0,0,0,1,1,0,0,1
2022-04-09,N234AB,KBOI,KBOI,,,,,,,,1.0,1.0,0.0,0.0,0.0,0.0,0.0,0.0,0.0,0.0,0.0,0.0,,0.0,0.0,,,,,0,,,,,,,0.0,0.0,0.0,0.0,0.0,,,,,,,,,Practiced chandelles and lazy eights,,,,,,4,0,4,0,0,0,4,4,0,0,4
2022-04-02,N891EF,KBOI,KGNG,,,,,,,,1.1,1.1,0.0,0.0,0.0,1.1,0.0,0.0,0.0,0.0,0.0,0.0,,0.0,0.0,,,,,0,,,,,,,0.0,0.0,0.0,0.0,0.0,,,,,,,,,Short hop to Gooding nice day,,,,,,1,0,1,0,0,0,1,1,0,0,1
2022-03-30,N234AB,KBOI,KBOI,,,,,,,,1.3,1.3,0.0,0.0,0.0,0.0,0.0,0.0,1.0,0.0,0.0,0.0,,0.0,0.8,,,,,1,1;ILS OR LOC RWY 10R;10R;KBOI;,,,,,,0.0,1.3,0.0,0.0,0.0,Sarah Chen,,,,,,,,First IFR lesson basic attitude instrument flying,,,,,,3,0,3,0,0,0,3,3,0,0,3
2022-03-26,N234AB,KBOI,KMYL,BOI DNJ MYL,,,,,,,1.4,1.4,0.0,0.0,0.0,1.4,0.0,0.0,0.0,0.0,0.0,0.0,,0.0,0.0,,,,,0,,,,,,,0.0,0.0,0.0,0.0,0.0,,,,,,,,,XC to McCall building PIC time,,,,,,1,0,1,0,0,0,1,1,0,0,1
2022-03-19,N234AB,KBOI,KBOI,,,,,,,,1.1,1.1,0.0,0.0,0.0,0.0,0.0,0.0,0.0,0.0,0.0,0.0,,0.0,0.0,,,,,0,,,,,,,0.0,0.0,0.0,0.0,0.0,,,,,,,,,Pattern work on a windy day,,,,,,4,0,4,0,0,0,4,4,0,0,4
2022-03-12,N234AB,KBOI,KTWF,,,,,,,,1.4,1.4,0.0,0.0,0.0,1.4,0.0,0.0,0.0,0.0,0.0,0.0,,0.0,0.0,,,,,0,,,,,,,0.0,0.0,0.0,0.0,0.0,,,,,,,,,XC to Twin Falls clear but cold,,,,,,1,0,1,0,0,0,1,1,0,0,1
2022-03-05,N567CD,KBOI,KSLC,BOI TWF OGD SLC,,,,,,,3.0,3.0,0.0,0.0,0.0,3.0,0.0,0.0,0.0,0.0,0.0,0.0,,0.0,0.0,,,,,0,,,,,,,0.0,0.0,0.0,0.0,0.0,,,,,,,,,Long XC in the 182 to Salt Lake,,,,,,1,0,1,0,0,0,1,1,0,0,1
2022-02-26,N234AB,KBOI,KBOI,,,,,,,,1.0,1.0,0.0,0.0,0.0,0.0,0.0,0.0,0.0,0.0,0.0,0.0,,0.0,0.0,,,,,0,,,,,,,0.0,0.0,0.0,0.0,0.0,,,,,,,,,Staying current in winter pattern work,,,,,,4,0,4,0,0,0,4,4,0,0,4
2022-02-19,N234AB,KBOI,KTWF,,,,,,,,1.3,1.3,0.0,0.0,0.0,1.3,0.0,0.0,0.0,0.0,0.0,0.0,,0.0,0.0,,,,,0,,,,,,,0.0,0.0,0.0,0.0,0.0,,,,,,,,,Short winter XC to Twin Falls,,,,,,1,0,1,0,0,0,1,1,0,0,1
2022-02-05,N234AB,KBOI,KBOI,,,,,,,,1.0,1.0,0.0,1.0,0.0,0.0,0.0,0.0,0.0,0.0,0.0,0.0,,0.0,0.0,,,,,0,,,,,,,0.0,0.0,0.0,0.0,0.0,,,,,,,,,Night currency 3 full stop landings,,,,,,0,3,0,0,3,0,0,0,3,3,3
2022-01-29,N234AB,KBOI,KSUN,BOI TWF SUN,,,,,,,1.8,1.8,0.0,0.0,0.0,1.8,0.0,0.0,0.0,0.0,0.0,0.0,,0.0,0.0,,,,,0,,,,,,,0.0,0.0,0.0,0.0,0.0,,,,,,,,,Winter flight to Sun Valley for skiing,,,,,,1,0,1,0,0,0,1,1,0,0,1
2022-01-22,N234AB,KBOI,KTWF,,,,,,,,1.3,1.3,0.0,0.0,0.0,1.3,0.0,0.0,0.0,0.0,0.0,0.0,,0.0,0.0,,,,,0,,,,,,,0.0,0.0,0.0,0.0,0.0,,,,,,,,,Cold winter flying preheated the engine,,,,,,1,0,1,0,0,0,1,1,0,0,1
2022-01-15,N234AB,KBOI,KBOI,,,,,,,,1.0,1.0,0.0,0.0,0.0,0.0,0.0,0.0,0.0,0.0,0.0,0.0,,0.0,0.0,,,,,0,,,,,,,0.0,0.0,0.0,0.0,0.0,,,,,,,,,New year resolution fly more this year,,,,,,4,0,4,0,0,0,4,4,0,0,4
2022-01-08,N891EF,KBOI,KGNG,,,,,,,,1.1,1.1,0.0,0.0,0.0,1.1,0.0,0.0,0.0,0.0,0.0,0.0,,0.0,0.0,,,,,0,,,,,,,0.0,0.0,0.0,0.0,0.0,,,,,,,,,,,,,,,1,0,1,0,0,0,1,1,0,0,1
2021-12-30,N234AB,KBOI,KBOI,,,,,,,,1.0,1.0,0.0,0.0,0.0,0.0,0.0,0.0,0.0,0.0,0.0,0.0,,0.0,0.0,,,,,0,,,,,,,0.0,0.0,0.0,0.0,0.0,,,,,,,,,End of year flight reflecting on the PPL journey,,,,,,3,0,3,0,0,0,3,3,0,0,3
2021-12-18,N234AB,KBOI,KTWF,,,,,,,,1.3,1.3,0.0,0.0,0.0,1.3,0.0,0.0,0.0,0.0,0.0,0.0,,0.0,0.0,,,,,0,,,,,,,0.0,0.0,0.0,0.0,0.0,,,,,,,,,Winter XC to Twin Falls clear day,,,,,,1,0,1,0,0,0,1,1,0,0,1
2021-12-04,N234AB,KBOI,KBOI,,,,,,,,1.0,1.0,0.0,0.0,0.0,0.0,0.0,0.0,0.0,0.0,0.0,0.0,,0.0,0.0,,,,,0,,,,,,,0.0,0.0,0.0,0.0,0.0,,,,,,,,,Cold day pattern work staying sharp,,,,,,4,0,4,0,0,0,4,4,0,0,4
2021-11-20,N234AB,KBOI,KSUN,BOI TWF SUN,,,,,,,1.8,1.8,0.0,0.0,0.0,1.8,0.0,0.0,0.0,0.0,0.0,0.0,,0.0,0.0,,,,,0,,,,,,,0.0,0.0,0.0,0.0,0.0,,,,,,,,,Fall XC to Sun Valley great colors,,,,,,1,0,1,0,0,0,1,1,0,0,1
2021-11-13,N234AB,KBOI,KBOI,,,,,,,,1.0,1.0,0.0,1.0,0.0,0.0,0.0,0.0,0.0,0.0,0.0,0.0,,0.0,0.0,,,,,0,,,,,,,0.0,0.0,0.0,0.0,0.0,,,,,,,,,Night currency calm winds,,,,,,0,3,0,0,3,0,0,0,3,3,3
2021-11-09,N234AB,KBOI,KTWF,,,,,,,,1.3,1.3,0.0,0.0,0.0,1.3,0.0,0.0,0.0,0.0,0.0,0.0,,0.0,0.0,,,,,0,,,,,,,0.0,0.0,0.0,0.0,0.0,,,,,,,,,XC to Twin Falls building time,,,,,,1,0,1,0,0,0,1,1,0,0,1
2021-11-06,N891EF,KBOI,KGNG,,,,,,,,1.1,1.1,0.0,0.0,0.0,1.1,0.0,0.0,0.0,0.0,0.0,0.0,,0.0,0.0,,,,,0,,,,,,,0.0,0.0,0.0,0.0,0.0,,,,,,,,,Short hop for a hundred dollar hamburger,,,,,,1,0,1,0,0,0,1,1,0,0,1
2021-11-01,N234AB,KBOI,KMYL,BOI DNJ MYL,,,,,,,1.5,1.5,0.0,0.0,0.0,1.5,0.0,0.0,0.0,0.0,0.0,0.0,,0.0,0.0,,,,,0,,,,,,,0.0,0.0,0.0,0.0,0.0,,,,,,,,,Fall trip to McCall leaves changing,,,,,,1,0,1,0,0,0,1,1,0,0,1
2021-10-30,N234AB,KBOI,KSLC,BOI TWF OGD SLC,,,,,,,3.1,3.1,0.0,0.0,0.0,3.1,0.0,0.0,0.0,0.0,0.0,0.0,,0.0,0.0,,,,,0,,,,,,,0.0,0.0,0.0,0.0,0.0,,,,,,,,,First long XC since getting PPL to Salt Lake,,,,,,1,0,1,0,0,0,1,1,0,0,1
2021-10-23,N234AB,KBOI,KMYL,BOI DNJ MYL,,,,,,,1.5,1.5,0.0,0.0,0.0,1.5,0.0,0.0,0.0,0.0,0.0,0.0,,0.0,0.0,,,,,0,,,,,,,0.0,0.0,0.0,0.0,0.0,,,,,,,,,Scenic flight to McCall beautiful fall day,,,,,,1,0,1,0,0,0,1,1,0,0,1
2021-10-16,N234AB,KBOI,KTWF,,,,,,,,1.3,1.3,0.0,0.0,0.0,1.3,0.0,0.0,0.0,0.0,0.0,0.0,,0.0,0.0,,,,,0,,,,,,,0.0,0.0,0.0,0.0,0.0,,,,,,,,,Cross-country flight planning paid off,,,,,,1,0,1,0,0,0,1,1,0,0,1
2021-10-12,N234AB,KBOI,KGNG,,,,,,,,1.2,1.2,0.0,0.0,0.0,1.2,0.0,0.0,0.0,0.0,0.0,0.0,,0.0,0.0,,,,,0,,,,,,,0.0,0.0,0.0,0.0,0.0,,,,,,,,,Passenger flight took my dad flying,,,,,,1,0,1,0,0,0,1,1,0,0,1
2021-10-09,N234AB,KBOI,KBOI,,,,,,,,1.0,1.0,0.0,0.0,0.0,0.0,0.0,0.0,0.0,0.0,0.0,0.0,,0.0,0.0,,,,,0,,,,,,,0.0,0.0,0.0,0.0,0.0,,,,,,,,,Pattern work post-checkride confidence building,,,,,,4,0,4,0,0,0,4,4,0,0,4
2021-09-28,N234AB,KBOI,KBOI,,,,,,,,1.0,1.0,0.0,0.0,0.0,0.0,0.0,0.0,0.0,0.0,0.0,0.0,,0.0,0.0,,,,,0,,,,,,,0.0,0.0,0.0,0.0,0.0,,,,,,,,,First PIC flight after checkride!,,,,,,3,0,3,0,0,0,3,3,0,0,3
2021-09-25,N234AB,KBOI,KTWF,,,,,,,,1.4,1.4,0.0,0.0,1.4,1.4,0.0,0.0,0.0,0.0,0.0,0.0,,0.0,0.0,,,,,0,,,,,,,0.0,0.0,0.0,0.0,0.0,,,,,,,,,Private pilot checkride - passed!,,,,,,1,0,1,0,0,0,1,1,0,0,1
2021-09-18,N234AB,KBOI,KBOI,,,,,,,,1.2,0.0,0.0,0.0,1.2,0.0,0.0,0.0,0.0,0.0,0.0,0.0,,0.0,0.0,,,,,0,,,,,,,0.0,1.2,0.0,0.0,0.0,Mike Thompson,,,,,,,,Checkride prep nailed the power-off 180,,,,,,5,0,5,0,0,0,5,5,0,0,5
2021-09-11,N234AB,KBOI,KSUN,BOI TWF SUN,,,,,,,1.7,0.0,0.0,0.0,1.7,1.7,0.0,0.0,0.0,0.0,0.0,0.0,,0.0,0.0,,,,,0,,,,,,,0.0,1.7,0.0,0.0,0.0,Mike Thompson,,,,,,,,Checkride prep long XC with instructor,,,,,,1,0,1,0,0,0,1,1,0,0,1
2021-09-04,N234AB,KBOI,KBOI,,,,,,,,1.1,0.0,0.0,0.0,1.1,0.0,0.0,0.0,0.0,0.0,0.0,0.0,,0.0,0.0,,,,,0,,,,,,,0.0,1.1,0.0,0.0,0.0,Mike Thompson,,,,,,,,Checkride prep maneuvers and emergency procedures,,,,,,4,0,4,0,0,0,4,4,0,0,4
2021-08-31,N234AB,KBOI,KBOI,,,,,,,,1.0,0.0,0.0,0.0,1.0,0.0,0.0,0.0,0.0,0.0,0.0,0.0,,0.0,0.0,,,,,0,,,,,,,0.0,1.0,0.0,0.0,0.0,Mike Thompson,,,,,,,,Practiced engine-out procedures over flat terrain,,,,,,4,0,4,0,0,0,4,4,0,0,4
2021-08-28,N234AB,KBOI,KTWF,,,,,,,,1.3,1.3,0.0,0.0,1.3,1.3,0.0,0.0,0.0,0.0,0.0,0.0,,0.0,0.0,,,,,0,,,,,,,0.0,0.0,0.0,0.0,0.0,,,,,,,,,Solo XC to Twin Falls building confidence,,,,,,1,0,1,0,0,0,1,1,0,0,1
2021-08-21,N234AB,KBOI,KBOI,,,,,,,,1.0,1.0,0.0,0.0,1.0,0.0,0.0,0.0,0.0,0.0,0.0,0.0,,0.0,0.0,,,,,0,,,,,,,0.0,0.0,0.0,0.0,0.0,,,,,,,,,Solo pattern work feeling good,,,,,,5,0,5,0,0,0,5,5,0,0,5
2021-08-17,N234AB,KBOI,KBOI,,,,,,,,1.0,1.0,0.0,0.0,1.0,0.0,0.0,0.0,0.0,0.0,0.0,0.0,,0.0,0.0,,,,,0,,,,,,,0.0,0.0,0.0,0.0,0.0,,,,,,,,,Solo pattern work stabilized approaches,,,,,,5,0,5,0,0,0,5,5,0,0,5
2021-08-14,N234AB,KBOI,KSUN,BOI TWF SUN,,,,,,,1.8,0.0,0.0,0.0,1.8,1.8,0.0,0.0,0.0,0.0,0.0,0.0,,0.0,0.0,,,,,0,,,,,,,0.0,1.8,0.0,0.0,0.0,Mike Thompson,,,,,,,,Dual XC to Sun Valley mountain flying intro,,,,,,1,0,1,0,0,0,1,1,0,0,1
2021-08-07,N234AB,KBOI,KGNG,,,,,,,,1.1,0.0,0.0,0.0,1.1,1.1,0.0,0.0,0.0,0.0,0.0,0.0,,0.0,0.0,,,,,0,,,,,,,0.0,1.1,0.0,0.0,0.0,Mike Thompson,,,,,,,,Practice area work steep turns and stalls,,,,,,1,0,1,0,0,0,1,1,0,0,1
2021-07-31,N234AB,KBOI,KBOI,,,,,,,,1.0,1.0,0.0,0.0,1.0,0.0,0.0,0.0,0.0,0.0,0.0,0.0,,0.0,0.0,,,,,0,,,,,,,0.0,0.0,0.0,0.0,0.0,,,,,,,,,Solo pattern work building confidence,,,,,,5,0,5,0,0,0,5,5,0,0,5
2021-07-24,N234AB,KBOI,KTWF,,,,,,,,1.4,0.0,0.0,0.0,1.4,1.4,0.0,0.0,0.0,0.0,0.0,0.0,,0.0,0.0,,,,,0,,,,,,,0.0,1.4,0.0,0.0,0.0,Mike Thompson,,,,,,,,First solo XC! Nervous but went well,,,,,,1,0,1,0,0,0,1,1,0,0,1
2021-07-17,N912LM,KBOI,KBOI,,,,,,,,1.0,0.0,0.0,0.0,1.0,0.0,0.0,0.0,0.0,0.0,0.0,0.0,,0.0,0.0,,,,,0,,,,,,,0.0,1.0,0.0,0.0,0.0,Mike Thompson,,,,,,,,Emergency descent practice over the desert,,,,,,4,0,4,0,0,0,4,4,0,0,4
2021-07-10,N234AB,KBOI,KGNG,,,,,,,,1.1,1.1,0.0,0.0,1.1,1.1,0.0,0.0,0.0,0.0,0.0,0.0,,0.0,0.0,,,,,0,,,,,,,0.0,0.0,0.0,0.0,0.0,,,,,,,,,Solo to Gooding and back,,,,,,1,0,1,0,0,0,1,1,0,0,1
2021-07-06,N234AB,KBOI,U70,,,,,,,,1.0,0.0,0.0,0.0,1.0,1.0,0.0,0.0,0.0,0.0,0.0,0.0,,0.0,0.0,,,,,0,,,,,,,0.0,1.0,0.0,0.0,0.0,Mike Thompson,,,,,,,,Dual XC to Cascade practice area work,,,,,,1,0,1,0,0,0,1,1,0,0,1
2021-07-03,N234AB,KBOI,KBOI,,,,,,,,0.9,0.9,0.0,0.0,0.9,0.0,0.0,0.0,0.0,0.0,0.0,0.0,,0.0,0.0,,,,,0,,,,,,,0.0,0.0,0.0,0.0,0.0,,,,,,,,,Solo pattern work 4th of July weekend,,,,,,4,0,4,0,0,0,4,4,0,0,4
2021-06-26,N234AB,KBOI,KBOI,,,,,,,,1.1,0.0,0.0,0.0,1.1,0.0,0.0,0.0,0.0,0.0,0.0,0.0,,0.0,0.0,,,,,0,,,,,,,0.0,1.1,0.0,0.0,0.0,Mike Thompson,,,,,,,,Slow flight and stall practice,,,,,,4,0,4,0,0,0,4,4,0,0,4
2021-06-19,N912LM,KBOI,KBOI,,,,,,,,1.0,0.0,0.0,0.0,1.0,0.0,0.0,0.0,0.0,0.0,0.0,0.0,,0.0,0.0,,,,,0,,,,,,,0.0,1.0,0.0,0.0,0.0,Mike Thompson,,,,,,,,Simulated engine failure on takeoff drill,,,,,,5,0,5,0,0,0,5,5,0,0,5
2021-06-12,N234AB,KBOI,KTWF,,,,,,,,1.3,0.0,0.0,0.0,1.3,1.3,0.0,0.0,0.0,0.0,0.0,0.0,,0.0,0.0,,,,,0,,,,,,,0.0,1.3,0.0,0.0,0.0,Mike Thompson,,,,,,,,Dual XC to Twin Falls navigation practice,,,,,,1,0,1,0,0,0,1,1,0,0,1
2021-06-08,N234AB,KBOI,KBOI,,,,,,,,1.1,0.0,0.0,0.0,1.1,0.0,0.0,0.0,0.0,0.0,0.0,0.0,,0.0,0.0,,,,,0,,,,,,,0.0,1.1,0.0,0.0,0.0,Mike Thompson,,,,,,,,Transition to C172 familiarization flight,,,,,,4,0,4,0,0,0,4,4,0,0,4
2021-06-05,N912LM,KBOI,KBOI,,,,,,,,1.0,1.0,0.0,0.0,1.0,0.0,0.0,0.0,0.0,0.0,0.0,0.0,,0.0,0.0,,,,,0,,,,,,,0.0,0.0,0.0,0.0,0.0,,,,,,,,,Solo pattern work in the 152,,,,,,5,0,5,0,0,0,5,5,0,0,5
2021-06-01,N912LM,KBOI,KTWF,,,,,,,,1.2,0.0,0.0,0.0,1.2,1.2,0.0,0.0,0.0,0.0,0.0,0.0,,0.0,0.0,,,,,0,,,,,,,0.0,1.2,0.0,0.0,0.0,Mike Thompson,,,,,,,,Solo XC to Twin Falls and back,,,,,,1,0,1,0,0,0,1,1,0,0,1
2021-05-29,N912LM,KBOI,KBOI,,,,,,,,0.9,0.0,0.0,0.0,0.9,0.0,0.0,0.0,0.0,0.0,0.0,0.0,,0.0,0.0,,,,,0,,,,,,,0.0,0.9,0.0,0.0,0.0,Mike Thompson,,,,,,,,Crosswind practice 10kt direct crosswind,,,,,,4,0,4,0,0,0,4,4,0,0,4
2021-05-22,N912LM,KBOI,KBOI,,,,,,,,1.0,1.0,0.0,0.0,1.0,0.0,0.0,0.0,0.0,0.0,0.0,0.0,,0.0,0.0,,,,,0,,,,,,,0.0,0.0,0.0,0.0,0.0,,,,,,,,,Second solo! Much more relaxed this time,,,,,,4,0,4,0,0,0,4,4,0,0,4
2021-05-15,N912LM,KBOI,KBOI,,,,,,,,1.1,0.0,0.0,0.0,1.1,0.0,0.0,0.0,0.0,0.0,0.0,0.0,,0.0,0.0,,,,,0,,,,,,,0.0,1.1,0.0,0.0,0.0,Mike Thompson,,,,,,,,Ground reference maneuvers and S-turns,,,,,,4,0,4,0,0,0,4,4,0,0,4
2021-05-08,N912LM,KBOI,KBOI,,,,,,,,1.0,1.0,0.0,0.0,1.0,0.0,0.0,0.0,0.0,0.0,0.0,0.0,,0.0,0.0,,,,,0,,,,,,,0.0,0.0,0.0,0.0,0.0,,,,,,,,,First solo! Three times around the pattern,,,,,,3,0,3,0,0,0,3,3,0,0,3
2021-05-01,N912LM,KBOI,KBOI,,,,,,,,1.0,0.0,0.0,0.0,1.0,0.0,0.0,0.0,0.0,0.0,0.0,0.0,,0.0,0.0,,,,,0,,,,,,,0.0,1.0,0.0,0.0,0.0,Mike Thompson,,,,,,,,Steep turns getting better each lesson,,,,,,4,0,4,0,0,0,4,4,0,0,4
2021-04-24,N912LM,KBOI,KBOI,,,,,,,,1.0,0.0,0.0,0.0,1.0,0.0,0.0,0.0,0.0,0.0,0.0,0.0,,0.0,0.0,,,,,0,,,,,,,0.0,1.0,0.0,0.0,0.0,Mike Thompson,,,,,,,,Pre-solo stage check all maneuvers,,,,,,5,0,5,0,0,0,5,5,0,0,5
2021-04-17,N912LM,KBOI,KBOI,,,,,,,,1.1,0.0,0.0,0.0,1.1,0.0,0.0,0.0,0.0,0.0,0.0,0.0,,0.0,0.0,,,,,0,,,,,,,0.0,1.1,0.0,0.0,0.0,Mike Thompson,,,,,,,,Pattern work focusing on landings,,,,,,6,0,6,0,0,0,6,6,0,0,6
2021-04-10,N912LM,KBOI,KBOI,,,,,,,,1.0,0.0,0.0,0.0,1.0,0.0,0.0,0.0,0.0,0.0,0.0,0.0,,0.0,0.0,,,,,0,,,,,,,0.0,1.0,0.0,0.0,0.0,Mike Thompson,,,,,,,,Practiced soft field takeoffs and landings,,,,,,5,0,5,0,0,0,5,5,0,0,5
2021-04-03,N912LM,KBOI,KBOI,,,,,,,,1.0,0.0,0.0,0.0,1.0,0.0,0.0,0.0,0.0,0.0,0.0,0.0,,0.0,0.0,,,,,0,,,,,,,0.0,1.0,0.0,0.0,0.0,Mike Thompson,,,,,,,,Short field landings and go-arounds,,,,,,5,0,5,0,0,0,5,5,0,0,5
2021-03-27,N912LM,KBOI,KBOI,,,,,,,,1.0,0.0,0.0,0.0,1.0,0.0,0.0,0.0,0.0,0.0,0.0,0.0,,0.0,0.0,,,,,0,,,,,,,0.0,1.0,0.0,0.0,0.0,Mike Thompson,,,,,,,,Steep turns and slow flight,,,,,,4,0,4,0,0,0,4,4,0,0,4
2021-03-20,N912LM,KBOI,KGNG,,,,,,,,1.2,0.0,0.0,0.0,1.2,1.2,0.0,0.0,0.0,0.0,0.0,0.0,,0.0,0.0,,,,,0,,,,,,,0.0,1.2,0.0,0.0,0.0,Mike Thompson,,,,,,,,First XC with instructor to Gooding,,,,,,1,0,1,0,0,0,1,1,0,0,1
2021-03-13,N912LM,KBOI,KBOI,,,,,,,,1.0,0.0,0.0,0.0,1.0,0.0,0.0,0.0,0.0,0.0,0.0,0.0,,0.0,0.0,,,,,0,,,,,,,0.0,1.0,0.0,0.0,0.0,Mike Thompson,,,,,,,,Turns around a point and rectangular course,,,,,,4,0,4,0,0,0,4,4,0,0,4
2021-03-06,N912LM,KBOI,KBOI,,,,,,,,0.9,0.0,0.0,0.0,0.9,0.0,0.0,0.0,0.0,0.0,0.0,0.0,,0.0,0.0,,,,,0,,,,,,,0.0,0.9,0.0,0.0,0.0,Mike Thompson,,,,,,,,Radio work getting more comfortable,,,,,,4,0,4,0,0,0,4,4,0,0,4
2021-02-27,N912LM,KBOI,KBOI,,,,,,,,1.0,0.0,0.0,0.0,1.0,0.0,0.0,0.0,0.0,0.0,0.0,0.0,,0.0,0.0,,,,,0,,,,,,,0.0,1.0,0.0,0.0,0.0,Mike Thompson,,,,,,,,Stall practice power on and power off,,,,,,3,0,3,0,0,0,3,3,0,0,3
2021-02-20,N912LM,KBOI,KBOI,,,,,,,,1.0,0.0,0.0,0.0,1.0,0.0,0.0,0.0,0.0,0.0,0.0,0.0,,0.0,0.0,,,,,0,,,,,,,0.0,1.0,0.0,0.0,0.0,Mike Thompson,,,,,,,,Pattern work gusty winds 15kt,,,,,,5,0,5,0,0,0,5,5,0,0,5
2021-02-06,N912LM,KBOI,KBOI,,,,,,,,1.0,0.0,0.0,0.0,1.0,0.0,0.0,0.0,0.0,0.0,0.0,0.0,,0.0,0.0,,,,,0,,,,,,,0.0,1.0,0.0,0.0,0.0,Mike Thompson,,,,,,,,Normal and crosswind landings,,,,,,5,0,5,0,0,0,5,5,0,0,5
2021-01-23,N912LM,KBOI,KBOI,,,,,,,,0.9,0.0,0.0,0.0,0.9,0.0,0.0,0.0,0.0,0.0,0.0,0.0,,0.0,0.0,,,,,0,,,,,,,0.0,0.9,0.0,0.0,0.0,Mike Thompson,,,,,,,,Taxiing and basic maneuvers in the pattern,,,,,,4,0,4,0,0,0,4,4,0,0,4
2021-01-16,N912LM,KBOI,KBOI,,,,,,,,1.0,0.0,0.0,0.0,1.0,0.0,0.0,0.0,0.0,0.0,0.0,0.0,,0.0,0.0,,,,,0,,,,,,,0.0,1.0,0.0,0.0,0.0,Mike Thompson,,,,,,,,Resumed training after holidays cold but clear,,,,,,4,0,4,0,0,0,4,4,0,0,4
2020-12-26,N912LM,KBOI,KBOI,,,,,,,,0.8,0.0,0.0,0.0,0.8,0.0,0.0,0.0,0.0,0.0,0.0,0.0,,0.0,0.0,,,,,0,,,,,,,0.0,0.8,0.0,0.0,0.0,Dave Martinez,,,,,,,,Short flight to stay current over holidays,,,,,,3,0,3,0,0,0,3,3,0,0,3
2020-12-19,N912LM,KBOI,KBOI,,,,,,,,0.9,0.0,0.0,0.0,0.9,0.0,0.0,0.0,0.0,0.0,0.0,0.0,,0.0,0.0,,,,,0,,,,,,,0.0,0.9,0.0,0.0,0.0,Dave Martinez,,,,,,,,Cold weather flying procedures,,,,,,4,0,4,0,0,0,4,4,0,0,4
2020-12-05,N912LM,KBOI,KBOI,,,,,,,,1.0,0.0,0.0,0.0,1.0,0.0,0.0,0.0,0.0,0.0,0.0,0.0,,0.0,0.0,,,,,0,,,,,,,0.0,1.0,0.0,0.0,0.0,Dave Martinez,,,,,,,,Pattern work in calm wind,,,,,,5,0,5,0,0,0,5,5,0,0,5
2020-11-28,N912LM,KBOI,KBOI,,,,,,,,0.9,0.0,0.0,0.0,0.9,0.0,0.0,0.0,0.0,0.0,0.0,0.0,,0.0,0.0,,,,,0,,,,,,,0.0,0.9,0.0,0.0,0.0,Dave Martinez,,,,,,,,Crosswind landing practice 8kt crosswind,,,,,,4,0,4,0,0,0,4,4,0,0,4
2020-11-21,N912LM,KBOI,KBOI,,,,,,,,1.0,0.0,0.0,0.0,1.0,0.0,0.0,0.0,0.0,0.0,0.0,0.0,,0.0,0.0,,,,,0,,,,,,,0.0,1.0,0.0,0.0,0.0,Dave Martinez,,,,,,,,Steep turns and slow flight introduction,,,,,,4,0,4,0,0,0,4,4,0,0,4
2020-11-07,N912LM,KBOI,KBOI,,,,,,,,0.9,0.0,0.0,0.0,0.9,0.0,0.0,0.0,0.0,0.0,0.0,0.0,,0.0,0.0,,,,,0,,,,,,,0.0,0.9,0.0,0.0,0.0,Dave Martinez,,,,,,,,Power on stalls and recovery technique,,,,,,3,0,3,0,0,0,3,3,0,0,3
2020-11-01,N912LM,KBOI,KBOI,,,,,,,,1.0,0.0,0.0,0.0,1.0,0.0,0.0,0.0,0.0,0.0,0.0,0.0,,0.0,0.0,,,,,0,,,,,,,0.0,1.0,0.0,0.0,0.0,Dave Martinez,,,,,,,,Short field takeoffs and landings practice,,,,,,5,0,5,0,0,0,5,5,0,0,5
2020-10-31,N912LM,KBOI,KBOI,,,,,,,,1.1,0.0,0.0,0.0,1.1,0.0,0.0,0.0,0.0,0.0,0.0,0.0,,0.0,0.0,,,,,0,,,,,,,0.0,1.1,0.0,0.0,0.0,Dave Martinez,,,,,,,,Halloween flying practiced ground reference,,,,,,4,0,4,0,0,0,4,4,0,0,4
2020-10-24,N912LM,KBOI,KTWF,,,,,,,,1.2,0.0,0.0,0.0,1.2,1.2,0.0,0.0,0.0,0.0,0.0,0.0,,0.0,0.0,,,,,0,,,,,,,0.0,1.2,0.0,0.0,0.0,Dave Martinez,,,,,,,,First cross-country dual to Twin Falls,,,,,,1,0,1,0,0,0,1,1,0,0,1
2020-10-17,N912LM,KBOI,KBOI,,,,,,,,1.0,0.0,0.0,0.0,1.0,0.0,0.0,0.0,0.0,0.0,0.0,0.0,,0.0,0.0,,,,,0,,,,,,,0.0,1.0,0.0,0.0,0.0,Dave Martinez,,,,,,,,Turns around a point and S-turns,,,,,,4,0,4,0,0,0,4,4,0,0,4
2020-10-10,N912LM,KBOI,KBOI,,,,,,,,1.0,0.0,0.0,0.0,1.0,0.0,0.0,0.0,0.0,0.0,0.0,0.0,,0.0,0.0,,,,,0,,,,,,,0.0,1.0,0.0,0.0,0.0,Dave Martinez,,,,,,,,Power off stalls and recovery,,,,,,4,0,4,0,0,0,4,4,0,0,4
2020-10-03,N912LM,KBOI,KBOI,,,,,,,,1.0,1.0,0.0,0.0,1.0,0.0,0.0,0.0,0.0,0.0,0.0,0.0,,0.0,0.0,,,,,0,,,,,,,0.0,0.0,0.0,0.0,0.0,,,,,,,,,First solo! Three times around the pattern,,,,,,3,0,3,0,0,0,3,3,0,0,3
2020-09-26,N912LM,KBOI,KBOI,,,,,,,,1.0,0.0,0.0,0.0,1.0,0.0,0.0,0.0,0.0,0.0,0.0,0.0,,0.0,0.0,,,,,0,,,,,,,0.0,1.0,0.0,0.0,0.0,Dave Martinez,,,,,,,,Pre-solo prep three good landings in a row,,,,,,6,0,6,0,0,0,6,6,0,0,6
2020-09-19,N912LM,KBOI,KBOI,,,,,,,,0.9,0.0,0.0,0.0,0.9,0.0,0.0,0.0,0.0,0.0,0.0,0.0,,0.0,0.0,,,,,0,,,,,,,0.0,0.9,0.0,0.0,0.0,Dave Martinez,,,,,,,,Pattern work focusing on landings,,,,,,5,0,5,0,0,0,5,5,0,0,5
2020-09-12,N912LM,KBOI,KBOI,,,,,,,,1.0,0.0,0.0,0.0,1.0,0.0,0.0,0.0,0.0,0.0,0.0,0.0,,0.0,0.0,,,,,0,,,,,,,0.0,1.0,0.0,0.0,0.0,Dave Martinez,,,,,,,,Traffic pattern entries and departures,,,,,,5,0,5,0,0,0,5,5,0,0,5
2020-09-08,N912LM,KBOI,KBOI,,,,,,,,1.0,1.0,0.0,0.0,1.0,0.0,0.0,0.0,0.0,0.0,0.0,0.0,,0.0,0.0,,,,,0,,,,,,,0.0,0.0,0.0,0.0,0.0,,,,,,,,,Solo pattern work after first solo,,,,,,4,0,4,0,0,0,4,4,0,0,4
2020-09-05,N912LM,KBOI,KBOI,,,,,,,,1.1,0.0,0.0,0.0,1.1,0.0,0.0,0.0,0.0,0.0,0.0,0.0,,0.0,0.0,,,,,0,,,,,,,0.0,1.1,0.0,0.0,0.0,Dave Martinez,,,,,,,,Slow flight and MCA practice,,,,,,4,0,4,0,0,0,4,4,0,0,4
2020-08-29,N912LM,KBOI,KBOI,,,,,,,,1.0,0.0,0.0,0.0,1.0,0.0,0.0,0.0,0.0,0.0,0.0,0.0,,0.0,0.0,,,,,0,,,,,,,0.0,1.0,0.0,0.0,0.0,Dave Martinez,,,,,,,,Steep turns climbing and descending turns,,,,,,3,0,3,0,0,0,3,3,0,0,3
2020-08-25,N912LM,KBOI,KBOI,,,,,,,,1.0,0.0,0.0,0.0,1.0,0.0,0.0,0.0,0.0,0.0,0.0,0.0,,0.0,0.0,,,,,0,,,,,,,0.0,1.0,0.0,0.0,0.0,Dave Martinez,,,,,,,,Ground reference maneuvers practice,,,,,,3,0,3,0,0,0,3,3,0,0,3
2020-08-22,N912LM,KBOI,KBOI,,,,,,,,1.0,0.0,0.0,0.0,1.0,0.0,0.0,0.0,0.0,0.0,0.0,0.0,,0.0,0.0,,,,,0,,,,,,,0.0,1.0,0.0,0.0,0.0,Dave Martinez,,,,,,,,Straight and level climbs and descents,,,,,,4,0,4,0,0,0,4,4,0,0,4
2020-08-15,N912LM,KBOI,KGNG,,,,,,,,1.1,0.0,0.0,0.0,1.1,1.1,0.0,0.0,0.0,0.0,0.0,0.0,,0.0,0.0,,,,,0,,,,,,,0.0,1.1,0.0,0.0,0.0,Dave Martinez,,,,,,,,Short dual XC to Gooding,,,,,,1,0,1,0,0,0,1,1,0,0,1
2020-08-08,N912LM,KBOI,KBOI,,,,,,,,0.9,0.0,0.0,0.0,0.9,0.0,0.0,0.0,0.0,0.0,0.0,0.0,,0.0,0.0,,,,,0,,,,,,,0.0,0.9,0.0,0.0,0.0,Dave Martinez,,,,,,,,Four fundamentals of flight review,,,,,,4,0,4,0,0,0,4,4,0,0,4
2020-08-01,N912LM,KBOI,KBOI,,,,,,,,1.0,0.0,0.0,0.0,1.0,0.0,0.0,0.0,0.0,0.0,0.0,0.0,,0.0,0.0,,,,,0,,,,,,,0.0,1.0,0.0,0.0,0.0,Dave Martinez,,,,,,,,Taxiing and basic pattern work,,,,,,5,0,5,0,0,0,5,5,0,0,5
2020-07-25,N912LM,KBOI,KBOI,,,,,,,,1.0,0.0,0.0,0.0,1.0,0.0,0.0,0.0,0.0,0.0,0.0,0.0,,0.0,0.0,,,,,0,,,,,,,0.0,1.0,0.0,0.0,0.0,Dave Martinez,,,,,,,,Preflight and cockpit familiarization first pattern,,,,,,3,0,3,0,0,0,3,3,0,0,3
2020-07-18,N912LM,KBOI,KBOI,,,,,,,,1.0,0.0,0.0,0.0,1.0,0.0,0.0,0.0,0.0,0.0,0.0,0.0,,0.0,0.0,,,,,0,,,,,,,0.0,1.0,0.0,0.0,0.0,Dave Martinez,,,,,,,,Normal takeoffs and landings,,,,,,5,0,5,0,0,0,5,5,0,0,5
2020-07-11,N912LM,KBOI,KBOI,,,,,,,,0.9,0.0,0.0,0.0,0.9,0.0,0.0,0.0,0.0,0.0,0.0,0.0,,0.0,0.0,,,,,0,,,,,,,0.0,0.9,0.0,0.0,0.0,Dave Martinez,,,,,,,,Intro to the practice area and maneuver area,,,,,,3,0,3,0,0,0,3,3,0,0,3
2020-07-04,N912LM,KBOI,KBOI,,,,,,,,1.0,0.0,0.0,0.0,1.0,0.0,0.0,0.0,0.0,0.0,0.0,0.0,,0.0,0.0,,,,,0,,,,,,,0.0,1.0,0.0,0.0,0.0,Dave Martinez,,,,,,,,4th of July first flight ever! Incredible,,,,,,4,0,4,0,0,0,4,4,0,0,4
2020-06-27,N912LM,KBOI,KBOI,,,,,,,,1.0,0.0,0.0,0.0,1.0,0.0,0.0,0.0,0.0,0.0,0.0,0.0,,0.0,0.0,,,,,0,,,,,,,0.0,1.0,0.0,0.0,0.0,Dave Martinez,,,,,,,,Discovery flight with instructor loved it,,,,,,3,0,3,0,0,0,3,3,0,0,3
